Datetime (UTC),Country,Zone name,Zone id,Carbon intensity gCO₂eq/kWh (direct),Carbon intensity gCO₂eq/kWh (Life cycle),Carbon-free energy percentage (CFE%),Renewable energy percentage (RE%),Data source
2021-01-01 00:00:00,Italy,Italy,IT,286.43,363.08,44.99,41.85,,,
2021-01-02 00:00:00,Italy,Italy,IT,275.03,346.48,49.01,45.32,,,
2021-01-03 00:00:00,Italy,Italy,IT,288.02,363.24,46.09,43.49,,,
2021-01-04 00:00:00,Italy,Italy,IT,322.88,405.01,37.63,35.87,,,
2021-01-05 00:00:00,Italy,Italy,IT,312.83,393.60,38.49,37.33,,,
2021-01-06 00:00:00,Italy,Italy,IT,320.75,403.96,37.31,36.78,,,
2021-01-07 00:00:00,Italy,Italy,IT,340.87,428.56,32.34,30.78,,,
2021-01-08 00:00:00,Italy,Italy,IT,330.27,417.08,33.89,32.35,,,
2021-01-09 00:00:00,Italy,Italy,IT,318.80,402.43,37.46,34.68,,,
2021-01-10 00:00:00,Italy,Italy,IT,332.73,419.17,35.03,33.29,,,
2021-01-11 00:00:00,Italy,Italy,IT,342.48,430.95,32.13,29.76,,,
2021-01-12 00:00:00,Italy,Italy,IT,312.66,394.15,39.04,33.61,,,
2021-01-13 00:00:00,Italy,Italy,IT,289.00,363.27,45.41,39.08,,,
2021-01-14 00:00:00,Italy,Italy,IT,294.99,372.76,42.18,37.90,,,
2021-01-15 00:00:00,Italy,Italy,IT,324.87,409.51,35.39,30.81,,,
2021-01-16 00:00:00,Italy,Italy,IT,275.17,349.03,47.10,41.13,,,
2021-01-17 00:00:00,Italy,Italy,IT,297.29,375.42,43.12,36.12,,,
2021-01-18 00:00:00,Italy,Italy,IT,313.51,397.04,37.54,32.91,,,
2021-01-19 00:00:00,Italy,Italy,IT,318.38,402.69,36.95,31.53,,,
2021-01-20 00:00:00,Italy,Italy,IT,303.55,384.70,39.43,33.29,,,
2021-01-21 00:00:00,Italy,Italy,IT,282.06,357.13,44.84,37.08,,,
2021-01-22 00:00:00,Italy,Italy,IT,256.80,325.11,50.74,42.74,,,
2021-01-23 00:00:00,Italy,Italy,IT,216.65,277.86,59.06,50.94,,,
2021-01-24 00:00:00,Italy,Italy,IT,232.88,293.70,58.43,51.49,,,
2021-01-25 00:00:00,Italy,Italy,IT,259.76,330.33,49.14,43.33,,,
2021-01-26 00:00:00,Italy,Italy,IT,265.34,336.51,48.70,44.06,,,
2021-01-27 00:00:00,Italy,Italy,IT,306.36,386.14,40.43,34.22,,,
2021-01-28 00:00:00,Italy,Italy,IT,274.57,348.31,46.29,37.60,,,
2021-01-29 00:00:00,Italy,Italy,IT,236.29,300.74,54.65,45.40,,,
2021-01-30 00:00:00,Italy,Italy,IT,226.46,290.32,56.65,47.30,,,
2021-01-31 00:00:00,Italy,Italy,IT,241.89,308.62,54.16,46.75,,,
2021-02-01 00:00:00,Italy,Italy,IT,287.15,360.90,45.89,37.79,,,
2021-02-02 00:00:00,Italy,Italy,IT,307.96,385.42,42.28,33.61,,,
2021-02-03 00:00:00,Italy,Italy,IT,281.87,353.64,47.82,39.18,,,
2021-02-04 00:00:00,Italy,Italy,IT,295.60,368.77,45.97,37.69,,,
2021-02-05 00:00:00,Italy,Italy,IT,283.50,357.21,45.96,37.53,,,
2021-02-06 00:00:00,Italy,Italy,IT,233.43,297.96,56.29,44.98,,,
2021-02-07 00:00:00,Italy,Italy,IT,222.27,283.16,60.04,50.10,,,
2021-02-08 00:00:00,Italy,Italy,IT,229.81,291.94,57.24,50.82,,,
2021-02-09 00:00:00,Italy,Italy,IT,245.98,311.70,53.08,47.51,,,
2021-02-10 00:00:00,Italy,Italy,IT,267.90,339.30,47.64,43.72,,,
2021-02-11 00:00:00,Italy,Italy,IT,293.20,368.62,43.70,41.64,,,
2021-02-12 00:00:00,Italy,Italy,IT,302.61,382.43,40.28,34.54,,,
2021-02-13 00:00:00,Italy,Italy,IT,251.45,317.49,53.52,45.27,,,
2021-02-14 00:00:00,Italy,Italy,IT,226.53,287.09,59.50,53.24,,,
2021-02-15 00:00:00,Italy,Italy,IT,254.95,320.94,52.75,45.38,,,
2021-02-16 00:00:00,Italy,Italy,IT,281.59,355.10,46.41,37.83,,,
2021-02-17 00:00:00,Italy,Italy,IT,288.31,363.25,45.11,36.27,,,
2021-02-18 00:00:00,Italy,Italy,IT,289.42,366.00,43.97,34.94,,,
2021-02-19 00:00:00,Italy,Italy,IT,284.41,359.85,44.58,35.71,,,
2021-02-20 00:00:00,Italy,Italy,IT,251.12,319.54,52.55,40.53,,,
2021-02-21 00:00:00,Italy,Italy,IT,248.83,313.65,55.97,43.73,,,
2021-02-22 00:00:00,Italy,Italy,IT,289.75,367.11,43.17,35.41,,,
2021-02-23 00:00:00,Italy,Italy,IT,289.20,366.58,43.48,36.52,,,
2021-02-24 00:00:00,Italy,Italy,IT,278.88,353.68,45.95,39.32,,,
2021-02-25 00:00:00,Italy,Italy,IT,292.67,369.69,43.67,37.44,,,
2021-02-26 00:00:00,Italy,Italy,IT,288.71,367.22,42.87,36.26,,,
2021-02-27 00:00:00,Italy,Italy,IT,258.50,330.32,50.01,42.52,,,
2021-02-28 00:00:00,Italy,Italy,IT,231.67,296.25,57.30,51.08,,,
2021-03-01 00:00:00,Italy,Italy,IT,275.09,349.63,46.33,40.82,,,
2021-03-02 00:00:00,Italy,Italy,IT,281.87,358.26,45.10,39.42,,,
2021-03-03 00:00:00,Italy,Italy,IT,292.79,372.90,41.39,35.57,,,
2021-03-04 00:00:00,Italy,Italy,IT,285.74,365.42,41.73,36.23,,,
2021-03-05 00:00:00,Italy,Italy,IT,287.20,367.11,41.59,35.34,,,
2021-03-06 00:00:00,Italy,Italy,IT,263.29,336.63,48.68,41.38,,,
2021-03-07 00:00:00,Italy,Italy,IT,279.55,355.73,46.61,40.62,,,
2021-03-08 00:00:00,Italy,Italy,IT,312.24,395.60,37.80,32.38,,,
2021-03-09 00:00:00,Italy,Italy,IT,317.26,400.82,37.23,32.49,,,
2021-03-10 00:00:00,Italy,Italy,IT,267.62,342.18,46.54,41.80,,,
2021-03-11 00:00:00,Italy,Italy,IT,256.89,328.58,49.31,43.13,,,
2021-03-12 00:00:00,Italy,Italy,IT,241.48,310.33,52.30,45.46,,,
2021-03-13 00:00:00,Italy,Italy,IT,208.58,269.12,61.33,52.24,,,
2021-03-14 00:00:00,Italy,Italy,IT,212.32,273.68,60.56,52.77,,,
2021-03-15 00:00:00,Italy,Italy,IT,227.41,291.55,56.25,47.82,,,
2021-03-16 00:00:00,Italy,Italy,IT,254.32,324.80,50.34,41.29,,,
2021-03-17 00:00:00,Italy,Italy,IT,259.43,331.93,48.48,39.60,,,
2021-03-18 00:00:00,Italy,Italy,IT,292.25,371.95,41.19,33.69,,,
2021-03-19 00:00:00,Italy,Italy,IT,293.13,374.62,40.10,33.25,,,
2021-03-20 00:00:00,Italy,Italy,IT,258.83,331.42,49.18,40.87,,,
2021-03-21 00:00:00,Italy,Italy,IT,238.18,304.11,55.68,50.05,,,
2021-03-22 00:00:00,Italy,Italy,IT,261.75,332.87,49.27,44.05,,,
2021-03-23 00:00:00,Italy,Italy,IT,267.29,339.57,47.65,43.14,,,
2021-03-24 00:00:00,Italy,Italy,IT,276.48,350.05,46.62,40.37,,,
2021-03-25 00:00:00,Italy,Italy,IT,278.61,353.65,45.70,37.46,,,
2021-03-26 00:00:00,Italy,Italy,IT,268.76,343.79,46.57,37.76,,,
2021-03-27 00:00:00,Italy,Italy,IT,250.32,321.52,50.98,42.32,,,
2021-03-28 00:00:00,Italy,Italy,IT,268.52,342.26,49.60,41.98,,,
2021-03-29 00:00:00,Italy,Italy,IT,272.79,347.34,47.12,38.47,,,
2021-03-30 00:00:00,Italy,Italy,IT,252.54,322.64,51.17,42.00,,,
2021-03-31 00:00:00,Italy,Italy,IT,257.63,329.33,49.69,40.17,,,
2021-04-01 00:00:00,Italy,Italy,IT,258.77,330.85,49.75,41.06,,,
2021-04-02 00:00:00,Italy,Italy,IT,228.68,292.05,58.06,48.87,,,
2021-04-03 00:00:00,Italy,Italy,IT,240.53,304.71,57.04,51.61,,,
2021-04-04 00:00:00,Italy,Italy,IT,238.88,304.25,57.33,56.11,,,
2021-04-05 00:00:00,Italy,Italy,IT,266.74,338.70,50.92,49.44,,,
2021-04-06 00:00:00,Italy,Italy,IT,229.82,294.59,55.64,51.36,,,
2021-04-07 00:00:00,Italy,Italy,IT,268.77,344.05,45.59,43.86,,,
2021-04-08 00:00:00,Italy,Italy,IT,276.15,353.36,44.87,41.64,,,
2021-04-09 00:00:00,Italy,Italy,IT,284.96,365.19,42.22,37.89,,,
2021-04-10 00:00:00,Italy,Italy,IT,276.81,354.06,45.29,40.37,,,
2021-04-11 00:00:00,Italy,Italy,IT,262.29,333.14,51.13,43.88,,,
2021-04-12 00:00:00,Italy,Italy,IT,298.62,378.46,40.68,37.41,,,
2021-04-13 00:00:00,Italy,Italy,IT,283.77,360.92,43.37,41.81,,,
2021-04-14 00:00:00,Italy,Italy,IT,297.04,376.08,42.11,38.84,,,
2021-04-15 00:00:00,Italy,Italy,IT,308.04,391.17,38.70,34.21,,,
2021-04-16 00:00:00,Italy,Italy,IT,279.57,358.70,42.94,38.58,,,
2021-04-17 00:00:00,Italy,Italy,IT,254.78,327.03,50.46,45.05,,,
2021-04-18 00:00:00,Italy,Italy,IT,303.21,383.70,42.17,39.01,,,
2021-04-19 00:00:00,Italy,Italy,IT,326.97,412.82,35.41,33.46,,,
2021-04-20 00:00:00,Italy,Italy,IT,332.13,420.86,33.67,31.94,,,
2021-04-21 00:00:00,Italy,Italy,IT,317.82,403.08,37.27,33.54,,,
2021-04-22 00:00:00,Italy,Italy,IT,309.20,394.53,37.15,32.07,,,
2021-04-23 00:00:00,Italy,Italy,IT,261.18,337.87,45.68,38.51,,,
2021-04-24 00:00:00,Italy,Italy,IT,232.22,298.02,56.07,49.26,,,
2021-04-25 00:00:00,Italy,Italy,IT,270.96,341.90,51.25,46.16,,,
2021-04-26 00:00:00,Italy,Italy,IT,278.67,354.21,45.91,39.15,,,
2021-04-27 00:00:00,Italy,Italy,IT,294.28,372.80,42.77,35.71,,,
2021-04-28 00:00:00,Italy,Italy,IT,301.86,382.94,41.19,35.48,,,
2021-04-29 00:00:00,Italy,Italy,IT,297.51,377.53,41.54,36.04,,,
2021-04-30 00:00:00,Italy,Italy,IT,295.73,375.82,41.57,38.42,,,
2021-05-01 00:00:00,Italy,Italy,IT,256.15,324.55,52.80,50.12,,,
2021-05-02 00:00:00,Italy,Italy,IT,237.33,301.06,57.69,57.01,,,
2021-05-03 00:00:00,Italy,Italy,IT,263.00,334.09,49.95,46.43,,,
2021-05-04 00:00:00,Italy,Italy,IT,271.35,345.84,46.68,42.60,,,
2021-05-05 00:00:00,Italy,Italy,IT,241.42,308.50,53.46,48.80,,,
2021-05-06 00:00:00,Italy,Italy,IT,243.14,312.63,52.05,48.33,,,
2021-05-07 00:00:00,Italy,Italy,IT,230.31,295.49,55.45,51.24,,,
2021-05-08 00:00:00,Italy,Italy,IT,219.79,282.80,58.46,52.44,,,
2021-05-09 00:00:00,Italy,Italy,IT,235.37,301.65,56.07,51.22,,,
2021-05-10 00:00:00,Italy,Italy,IT,236.44,302.69,54.43,47.87,,,
2021-05-11 00:00:00,Italy,Italy,IT,234.89,301.08,53.94,47.34,,,
2021-05-12 00:00:00,Italy,Italy,IT,198.60,258.31,61.10,55.12,,,
2021-05-13 00:00:00,Italy,Italy,IT,185.90,241.46,64.63,57.47,,,
2021-05-14 00:00:00,Italy,Italy,IT,202.91,259.80,62.61,54.68,,,
2021-05-15 00:00:00,Italy,Italy,IT,174.88,228.75,66.99,58.87,,,
2021-05-16 00:00:00,Italy,Italy,IT,187.84,243.97,64.75,58.17,,,
2021-05-17 00:00:00,Italy,Italy,IT,193.49,251.98,62.40,57.73,,,
2021-05-18 00:00:00,Italy,Italy,IT,200.81,259.90,61.83,55.01,,,
2021-05-19 00:00:00,Italy,Italy,IT,189.81,246.03,64.53,57.32,,,
2021-05-20 00:00:00,Italy,Italy,IT,191.43,248.19,64.10,56.90,,,
2021-05-21 00:00:00,Italy,Italy,IT,212.70,274.65,58.87,51.50,,,
2021-05-22 00:00:00,Italy,Italy,IT,173.09,224.99,68.59,60.96,,,
2021-05-23 00:00:00,Italy,Italy,IT,202.51,262.04,61.99,55.45,,,
2021-05-24 00:00:00,Italy,Italy,IT,222.11,285.91,56.66,48.81,,,
2021-05-25 00:00:00,Italy,Italy,IT,206.05,268.06,59.95,52.71,,,
2021-05-26 00:00:00,Italy,Italy,IT,228.86,297.04,53.92,47.53,,,
2021-05-27 00:00:00,Italy,Italy,IT,236.46,305.45,52.71,46.25,,,
2021-05-28 00:00:00,Italy,Italy,IT,214.29,278.82,57.38,49.47,,,
2021-05-29 00:00:00,Italy,Italy,IT,199.69,260.51,61.45,51.67,,,
2021-05-30 00:00:00,Italy,Italy,IT,207.56,268.66,61.09,54.95,,,
2021-05-31 00:00:00,Italy,Italy,IT,205.05,266.35,60.46,53.11,,,
2021-06-01 00:00:00,Italy,Italy,IT,204.02,266.08,59.97,52.45,,,
2021-06-02 00:00:00,Italy,Italy,IT,243.11,312.14,53.37,49.66,,,
2021-06-03 00:00:00,Italy,Italy,IT,239.89,308.23,53.50,47.46,,,
2021-06-04 00:00:00,Italy,Italy,IT,237.51,305.57,53.55,47.68,,,
2021-06-05 00:00:00,Italy,Italy,IT,215.72,276.60,60.09,52.92,,,
2021-06-06 00:00:00,Italy,Italy,IT,216.06,277.82,60.04,54.04,,,
2021-06-07 00:00:00,Italy,Italy,IT,241.69,309.99,52.82,47.62,,,
2021-06-08 00:00:00,Italy,Italy,IT,240.76,308.34,53.18,47.73,,,
2021-06-09 00:00:00,Italy,Italy,IT,233.07,299.54,54.84,49.87,,,
2021-06-10 00:00:00,Italy,Italy,IT,219.57,282.22,58.10,52.27,,,
2021-06-11 00:00:00,Italy,Italy,IT,215.97,278.73,58.38,52.19,,,
2021-06-12 00:00:00,Italy,Italy,IT,196.08,254.97,63.03,57.30,,,
2021-06-13 00:00:00,Italy,Italy,IT,200.65,258.32,63.54,59.40,,,
2021-06-14 00:00:00,Italy,Italy,IT,245.82,310.68,54.98,50.36,,,
2021-06-15 00:00:00,Italy,Italy,IT,257.73,327.52,50.82,46.51,,,
2021-06-16 00:00:00,Italy,Italy,IT,275.16,349.75,46.38,42.36,,,
2021-06-17 00:00:00,Italy,Italy,IT,267.85,341.40,47.70,43.75,,,
2021-06-18 00:00:00,Italy,Italy,IT,260.23,334.76,47.99,43.59,,,
2021-06-19 00:00:00,Italy,Italy,IT,219.41,282.71,59.05,52.36,,,
2021-06-20 00:00:00,Italy,Italy,IT,223.20,285.66,59.27,52.42,,,
2021-06-21 00:00:00,Italy,Italy,IT,248.32,316.67,51.75,45.95,,,
2021-06-22 00:00:00,Italy,Italy,IT,259.49,330.30,49.34,44.04,,,
2021-06-23 00:00:00,Italy,Italy,IT,281.56,357.17,45.12,40.24,,,
2021-06-24 00:00:00,Italy,Italy,IT,276.73,350.34,46.89,41.76,,,
2021-06-25 00:00:00,Italy,Italy,IT,273.38,345.84,48.22,42.69,,,
2021-06-26 00:00:00,Italy,Italy,IT,257.82,324.42,53.87,46.79,,,
2021-06-27 00:00:00,Italy,Italy,IT,260.45,328.83,52.97,46.30,,,
2021-06-28 00:00:00,Italy,Italy,IT,273.83,346.64,47.85,41.94,,,
2021-06-29 00:00:00,Italy,Italy,IT,268.02,340.58,48.29,42.04,,,
2021-06-30 00:00:00,Italy,Italy,IT,267.51,341.43,47.22,41.85,,,
2021-07-01 00:00:00,Italy,Italy,IT,245.30,315.83,50.62,45.26,,,
2021-07-02 00:00:00,Italy,Italy,IT,245.69,316.17,50.90,45.25,,,
2021-07-03 00:00:00,Italy,Italy,IT,231.22,297.69,55.44,47.52,,,
2021-07-04 00:00:00,Italy,Italy,IT,222.74,288.15,56.66,48.52,,,
2021-07-05 00:00:00,Italy,Italy,IT,247.84,318.55,50.47,44.47,,,
2021-07-06 00:00:00,Italy,Italy,IT,270.04,343.33,47.34,40.45,,,
2021-07-07 00:00:00,Italy,Italy,IT,283.47,358.55,45.41,38.46,,,
2021-07-08 00:00:00,Italy,Italy,IT,292.26,369.55,43.23,36.58,,,
2021-07-09 00:00:00,Italy,Italy,IT,267.73,339.94,48.61,42.47,,,
2021-07-10 00:00:00,Italy,Italy,IT,232.40,298.13,55.79,49.19,,,
2021-07-11 00:00:00,Italy,Italy,IT,205.06,265.15,61.69,53.02,,,
2021-07-12 00:00:00,Italy,Italy,IT,268.05,340.98,47.45,41.60,,,
2021-07-13 00:00:00,Italy,Italy,IT,266.27,338.58,48.07,41.47,,,
2021-07-14 00:00:00,Italy,Italy,IT,223.52,287.89,56.38,49.04,,,
2021-07-15 00:00:00,Italy,Italy,IT,230.75,296.91,54.55,47.80,,,
2021-07-16 00:00:00,Italy,Italy,IT,247.01,316.75,50.85,44.40,,,
2021-07-17 00:00:00,Italy,Italy,IT,232.12,298.21,55.34,46.67,,,
2021-07-18 00:00:00,Italy,Italy,IT,191.89,250.68,63.80,55.45,,,
2021-07-19 00:00:00,Italy,Italy,IT,247.19,318.75,50.63,44.82,,,
2021-07-20 00:00:00,Italy,Italy,IT,260.93,334.99,48.11,42.80,,,
2021-07-21 00:00:00,Italy,Italy,IT,270.04,347.14,45.27,39.48,,,
2021-07-22 00:00:00,Italy,Italy,IT,268.79,344.27,46.47,40.80,,,
2021-07-23 00:00:00,Italy,Italy,IT,278.28,355.18,44.94,39.27,,,
2021-07-24 00:00:00,Italy,Italy,IT,243.68,312.81,52.98,44.87,,,
2021-07-25 00:00:00,Italy,Italy,IT,227.78,294.58,55.86,47.01,,,
2021-07-26 00:00:00,Italy,Italy,IT,273.66,347.55,46.91,40.93,,,
2021-07-27 00:00:00,Italy,Italy,IT,285.82,361.96,44.47,39.01,,,
2021-07-28 00:00:00,Italy,Italy,IT,281.66,356.79,45.55,39.53,,,
2021-07-29 00:00:00,Italy,Italy,IT,280.41,354.89,46.31,40.49,,,
2021-07-30 00:00:00,Italy,Italy,IT,286.31,361.76,45.58,39.76,,,
2021-07-31 00:00:00,Italy,Italy,IT,256.56,324.86,52.74,45.26,,,
2021-08-01 00:00:00,Italy,Italy,IT,207.56,265.97,62.82,54.05,,,
2021-08-02 00:00:00,Italy,Italy,IT,253.97,323.84,51.25,46.25,,,
2021-08-03 00:00:00,Italy,Italy,IT,257.13,327.23,50.54,45.97,,,
2021-08-04 00:00:00,Italy,Italy,IT,261.79,333.86,49.19,44.17,,,
2021-08-05 00:00:00,Italy,Italy,IT,213.59,275.90,58.87,53.29,,,
2021-08-06 00:00:00,Italy,Italy,IT,222.17,286.10,57.88,52.30,,,
2021-08-07 00:00:00,Italy,Italy,IT,222.44,285.52,59.11,51.16,,,
2021-08-08 00:00:00,Italy,Italy,IT,198.78,258.19,63.26,56.95,,,
2021-08-09 00:00:00,Italy,Italy,IT,235.32,301.65,55.60,49.54,,,
2021-08-10 00:00:00,Italy,Italy,IT,249.86,318.06,53.34,48.20,,,
2021-08-11 00:00:00,Italy,Italy,IT,268.54,339.68,49.93,46.09,,,
2021-08-12 00:00:00,Italy,Italy,IT,276.30,349.69,47.93,44.85,,,
2021-08-13 00:00:00,Italy,Italy,IT,284.98,359.45,46.89,43.66,,,
2021-08-14 00:00:00,Italy,Italy,IT,262.64,331.66,52.63,47.22,,,
2021-08-15 00:00:00,Italy,Italy,IT,277.20,350.22,48.84,46.02,,,
2021-08-16 00:00:00,Italy,Italy,IT,247.43,316.13,52.86,49.16,,,
2021-08-17 00:00:00,Italy,Italy,IT,228.85,293.85,56.80,50.09,,,
2021-08-18 00:00:00,Italy,Italy,IT,232.99,299.81,55.50,48.97,,,
2021-08-19 00:00:00,Italy,Italy,IT,242.56,311.75,53.13,46.18,,,
2021-08-20 00:00:00,Italy,Italy,IT,246.56,316.79,52.07,45.12,,,
2021-08-21 00:00:00,Italy,Italy,IT,233.28,299.74,56.08,48.06,,,
2021-08-22 00:00:00,Italy,Italy,IT,241.46,310.13,54.51,46.24,,,
2021-08-23 00:00:00,Italy,Italy,IT,251.10,320.68,52.03,45.15,,,
2021-08-24 00:00:00,Italy,Italy,IT,275.76,350.59,46.76,40.28,,,
2021-08-25 00:00:00,Italy,Italy,IT,270.89,344.05,48.21,41.48,,,
2021-08-26 00:00:00,Italy,Italy,IT,272.83,347.39,46.96,40.44,,,
2021-08-27 00:00:00,Italy,Italy,IT,233.88,303.20,52.94,45.98,,,
2021-08-28 00:00:00,Italy,Italy,IT,220.66,285.34,58.04,47.89,,,
2021-08-29 00:00:00,Italy,Italy,IT,205.68,268.83,60.80,50.50,,,
2021-08-30 00:00:00,Italy,Italy,IT,268.33,344.14,46.45,39.00,,,
2021-08-31 00:00:00,Italy,Italy,IT,280.47,359.52,43.15,36.41,,,
2021-09-01 00:00:00,Italy,Italy,IT,275.99,353.98,44.19,37.41,,,
2021-09-02 00:00:00,Italy,Italy,IT,266.66,340.26,47.90,41.03,,,
2021-09-03 00:00:00,Italy,Italy,IT,295.21,375.88,41.48,35.31,,,
2021-09-04 00:00:00,Italy,Italy,IT,281.27,360.10,44.53,36.71,,,
2021-09-05 00:00:00,Italy,Italy,IT,240.52,309.54,54.32,44.08,,,
2021-09-06 00:00:00,Italy,Italy,IT,288.55,368.39,41.98,35.82,,,
2021-09-07 00:00:00,Italy,Italy,IT,291.22,371.92,41.10,34.14,,,
2021-09-08 00:00:00,Italy,Italy,IT,301.15,383.95,39.00,32.32,,,
2021-09-09 00:00:00,Italy,Italy,IT,311.08,394.07,38.65,32.59,,,
2021-09-10 00:00:00,Italy,Italy,IT,316.40,400.32,37.84,31.41,,,
2021-09-11 00:00:00,Italy,Italy,IT,283.85,360.93,45.11,36.44,,,
2021-09-12 00:00:00,Italy,Italy,IT,263.24,334.65,50.63,41.61,,,
2021-09-13 00:00:00,Italy,Italy,IT,300.40,380.29,41.26,34.39,,,
2021-09-14 00:00:00,Italy,Italy,IT,316.54,399.08,38.07,32.27,,,
2021-09-15 00:00:00,Italy,Italy,IT,331.03,415.55,35.86,30.05,,,
2021-09-16 00:00:00,Italy,Italy,IT,337.09,418.71,37.49,30.98,,,
2021-09-17 00:00:00,Italy,Italy,IT,317.59,393.40,42.73,35.80,,,
2021-09-18 00:00:00,Italy,Italy,IT,301.99,372.96,48.22,39.82,,,
2021-09-19 00:00:00,Italy,Italy,IT,304.37,375.14,48.62,41.58,,,
2021-09-20 00:00:00,Italy,Italy,IT,311.18,386.80,43.86,37.88,,,
2021-09-21 00:00:00,Italy,Italy,IT,334.86,417.01,37.98,31.60,,,
2021-09-22 00:00:00,Italy,Italy,IT,317.54,395.28,42.42,35.21,,,
2021-09-23 00:00:00,Italy,Italy,IT,312.09,389.67,42.91,35.19,,,
2021-09-24 00:00:00,Italy,Italy,IT,332.21,414.61,38.04,31.65,,,
2021-09-25 00:00:00,Italy,Italy,IT,324.66,404.34,40.87,32.52,,,
2021-09-26 00:00:00,Italy,Italy,IT,329.98,409.85,40.71,32.41,,,
2021-09-27 00:00:00,Italy,Italy,IT,339.83,422.82,36.67,30.17,,,
2021-09-28 00:00:00,Italy,Italy,IT,320.51,400.57,39.66,32.78,,,
2021-09-29 00:00:00,Italy,Italy,IT,330.49,411.50,38.40,31.61,,,
2021-09-30 00:00:00,Italy,Italy,IT,318.75,399.26,39.95,32.65,,,
2021-10-01 00:00:00,Italy,Italy,IT,319.46,399.85,40.71,33.38,,,
2021-10-02 00:00:00,Italy,Italy,IT,292.65,369.43,45.50,35.61,,,
2021-10-03 00:00:00,Italy,Italy,IT,281.41,356.09,48.00,38.41,,,
2021-10-04 00:00:00,Italy,Italy,IT,295.94,374.55,42.07,33.82,,,
2021-10-05 00:00:00,Italy,Italy,IT,275.80,348.73,46.89,38.33,,,
2021-10-06 00:00:00,Italy,Italy,IT,272.54,345.41,47.20,39.46,,,
2021-10-07 00:00:00,Italy,Italy,IT,288.15,364.12,44.62,37.51,,,
2021-10-08 00:00:00,Italy,Italy,IT,296.90,373.78,43.74,36.57,,,
2021-10-09 00:00:00,Italy,Italy,IT,243.58,308.53,55.92,46.46,,,
2021-10-10 00:00:00,Italy,Italy,IT,242.21,307.25,56.09,46.04,,,
2021-10-11 00:00:00,Italy,Italy,IT,283.01,356.50,46.44,38.43,,,
2021-10-12 00:00:00,Italy,Italy,IT,296.28,372.46,43.53,36.18,,,
2021-10-13 00:00:00,Italy,Italy,IT,297.35,375.89,42.11,35.18,,,
2021-10-14 00:00:00,Italy,Italy,IT,263.20,332.63,50.08,44.10,,,
2021-10-15 00:00:00,Italy,Italy,IT,269.31,339.11,49.26,43.78,,,
2021-10-16 00:00:00,Italy,Italy,IT,286.38,358.18,49.11,40.00,,,
2021-10-17 00:00:00,Italy,Italy,IT,295.25,367.95,49.11,37.30,,,
2021-10-18 00:00:00,Italy,Italy,IT,313.90,396.61,39.21,31.81,,,
2021-10-19 00:00:00,Italy,Italy,IT,319.96,404.28,37.64,30.10,,,
2021-10-20 00:00:00,Italy,Italy,IT,297.90,379.55,40.39,32.18,,,
2021-10-21 00:00:00,Italy,Italy,IT,285.95,363.09,43.76,36.38,,,
2021-10-22 00:00:00,Italy,Italy,IT,304.32,385.43,40.07,32.24,,,
2021-10-23 00:00:00,Italy,Italy,IT,294.56,371.76,44.89,34.68,,,
2021-10-24 00:00:00,Italy,Italy,IT,250.58,316.77,55.28,46.09,,,
2021-10-25 00:00:00,Italy,Italy,IT,321.49,404.36,38.57,32.34,,,
2021-10-26 00:00:00,Italy,Italy,IT,340.41,426.70,35.18,28.49,,,
2021-10-27 00:00:00,Italy,Italy,IT,326.96,410.32,37.51,30.92,,,
2021-10-28 00:00:00,Italy,Italy,IT,332.92,417.13,36.78,29.62,,,
2021-10-29 00:00:00,Italy,Italy,IT,320.66,403.23,38.19,31.03,,,
2021-10-30 00:00:00,Italy,Italy,IT,324.18,407.57,38.32,29.42,,,
2021-10-31 00:00:00,Italy,Italy,IT,321.16,403.39,39.91,29.95,,,
2021-11-01 00:00:00,Italy,Italy,IT,308.85,391.09,39.70,32.58,,,
2021-11-02 00:00:00,Italy,Italy,IT,298.14,377.65,41.18,36.88,,,
2021-11-03 00:00:00,Italy,Italy,IT,308.60,389.32,39.41,33.80,,,
2021-11-04 00:00:00,Italy,Italy,IT,314.71,397.60,37.69,33.41,,,
2021-11-05 00:00:00,Italy,Italy,IT,338.17,423.20,35.55,30.46,,,
2021-11-06 00:00:00,Italy,Italy,IT,325.45,405.42,40.45,35.74,,,
2021-11-07 00:00:00,Italy,Italy,IT,323.36,403.58,40.79,35.34,,,
2021-11-08 00:00:00,Italy,Italy,IT,348.47,436.57,32.62,27.64,,,
2021-11-09 00:00:00,Italy,Italy,IT,351.71,440.29,32.06,28.05,,,
2021-11-10 00:00:00,Italy,Italy,IT,352.66,439.89,32.79,29.58,,,
2021-11-11 00:00:00,Italy,Italy,IT,349.89,438.64,31.96,26.10,,,
2021-11-12 00:00:00,Italy,Italy,IT,354.65,444.79,30.96,25.67,,,
2021-11-13 00:00:00,Italy,Italy,IT,356.22,447.43,30.69,25.33,,,
2021-11-14 00:00:00,Italy,Italy,IT,352.27,441.06,33.37,27.70,,,
2021-11-15 00:00:00,Italy,Italy,IT,359.32,451.17,28.89,26.24,,,
2021-11-16 00:00:00,Italy,Italy,IT,349.35,436.46,32.50,28.87,,,
2021-11-17 00:00:00,Italy,Italy,IT,359.08,449.16,30.60,25.59,,,
2021-11-18 00:00:00,Italy,Italy,IT,352.78,443.21,31.04,26.02,,,
2021-11-19 00:00:00,Italy,Italy,IT,342.38,430.09,33.23,29.85,,,
2021-11-20 00:00:00,Italy,Italy,IT,362.61,455.26,29.16,26.70,,,
2021-11-21 00:00:00,Italy,Italy,IT,380.15,475.00,27.51,25.96,,,
2021-11-22 00:00:00,Italy,Italy,IT,368.25,461.22,28.19,24.59,,,
2021-11-23 00:00:00,Italy,Italy,IT,369.13,461.93,28.23,25.67,,,
2021-11-24 00:00:00,Italy,Italy,IT,379.09,473.84,26.32,25.47,,,
2021-11-25 00:00:00,Italy,Italy,IT,382.20,476.72,26.20,24.82,,,
2021-11-26 00:00:00,Italy,Italy,IT,340.77,429.53,32.70,31.40,,,
2021-11-27 00:00:00,Italy,Italy,IT,330.84,415.08,37.69,36.13,,,
2021-11-28 00:00:00,Italy,Italy,IT,312.87,394.06,40.69,39.65,,,
2021-11-29 00:00:00,Italy,Italy,IT,335.23,420.83,34.81,33.85,,,
2021-11-30 00:00:00,Italy,Italy,IT,326.95,414.32,33.86,32.27,,,
2021-12-01 00:00:00,Italy,Italy,IT,319.24,403.96,36.10,33.67,,,
2021-12-02 00:00:00,Italy,Italy,IT,320.41,405.80,35.49,33.67,,,
2021-12-03 00:00:00,Italy,Italy,IT,340.86,431.14,31.15,29.47,,,
2021-12-04 00:00:00,Italy,Italy,IT,309.84,392.27,38.54,35.84,,,
2021-12-05 00:00:00,Italy,Italy,IT,310.38,391.19,40.68,38.57,,,
2021-12-06 00:00:00,Italy,Italy,IT,336.34,423.19,33.71,32.35,,,
2021-12-07 00:00:00,Italy,Italy,IT,312.59,395.86,37.71,35.65,,,
2021-12-08 00:00:00,Italy,Italy,IT,339.60,424.84,35.48,34.23,,,
2021-12-09 00:00:00,Italy,Italy,IT,326.54,411.10,35.98,33.45,,,
2021-12-10 00:00:00,Italy,Italy,IT,317.71,400.42,37.44,33.49,,,
2021-12-11 00:00:00,Italy,Italy,IT,319.46,401.78,38.62,36.50,,,
2021-12-12 00:00:00,Italy,Italy,IT,314.39,394.09,41.22,40.09,,,
2021-12-13 00:00:00,Italy,Italy,IT,329.83,415.09,35.59,33.55,,,
2021-12-14 00:00:00,Italy,Italy,IT,338.34,424.01,34.60,32.96,,,
2021-12-15 00:00:00,Italy,Italy,IT,351.65,439.64,32.62,30.01,,,
2021-12-16 00:00:00,Italy,Italy,IT,366.26,457.37,29.43,27.89,,,
2021-12-17 00:00:00,Italy,Italy,IT,354.09,442.06,32.40,30.93,,,
2021-12-18 00:00:00,Italy,Italy,IT,332.28,411.63,40.60,38.77,,,
2021-12-19 00:00:00,Italy,Italy,IT,370.23,458.57,32.49,31.70,,,
2021-12-20 00:00:00,Italy,Italy,IT,374.51,466.56,28.29,27.40,,,
2021-12-21 00:00:00,Italy,Italy,IT,399.39,497.25,23.04,22.18,,,
2021-12-22 00:00:00,Italy,Italy,IT,408.77,508.57,21.59,19.96,,,
2021-12-23 00:00:00,Italy,Italy,IT,381.91,476.19,27.07,24.44,,,
2021-12-24 00:00:00,Italy,Italy,IT,334.90,416.20,39.77,37.91,,,
2021-12-25 00:00:00,Italy,Italy,IT,296.14,369.49,48.14,44.47,,,
2021-12-26 00:00:00,Italy,Italy,IT,301.67,374.90,47.91,43.16,,,
2021-12-27 00:00:00,Italy,Italy,IT,308.11,386.66,42.96,34.90,,,
2021-12-28 00:00:00,Italy,Italy,IT,285.13,356.89,48.42,38.31,,,
2021-12-29 00:00:00,Italy,Italy,IT,269.93,337.16,52.72,42.76,,,
2021-12-30 00:00:00,Italy,Italy,IT,251.70,313.95,57.59,46.91,,,
2021-12-31 00:00:00,Italy,Italy,IT,260.16,323.74,57.19,45.70,,,
2022-01-01 00:00:00,Italy,Italy,IT,249.55,315.54,56.00,43.90,,,
2022-01-02 00:00:00,Italy,Italy,IT,256.15,325.08,53.45,41.95,,,
2022-01-03 00:00:00,Italy,Italy,IT,285.76,360.00,46.59,37.52,,,
2022-01-04 00:00:00,Italy,Italy,IT,292.21,367.43,45.31,36.71,,,
2022-01-05 00:00:00,Italy,Italy,IT,275.13,346.59,48.27,41.27,,,
2022-01-06 00:00:00,Italy,Italy,IT,325.61,408.26,37.73,34.87,,,
2022-01-07 00:00:00,Italy,Italy,IT,295.28,372.81,42.99,36.21,,,
2022-01-08 00:00:00,Italy,Italy,IT,287.47,362.42,45.94,37.63,,,
2022-01-09 00:00:00,Italy,Italy,IT,278.31,350.51,47.93,39.28,,,
2022-01-10 00:00:00,Italy,Italy,IT,306.97,389.81,37.36,32.81,,,
2022-01-11 00:00:00,Italy,Italy,IT,306.84,389.54,37.44,34.24,,,
2022-01-12 00:00:00,Italy,Italy,IT,323.48,409.45,34.33,31.27,,,
2022-01-13 00:00:00,Italy,Italy,IT,328.12,414.13,34.08,31.33,,,
2022-01-14 00:00:00,Italy,Italy,IT,342.08,431.04,31.18,29.14,,,
2022-01-15 00:00:00,Italy,Italy,IT,334.53,420.81,34.92,31.45,,,
2022-01-16 00:00:00,Italy,Italy,IT,352.09,440.20,33.41,29.76,,,
2022-01-17 00:00:00,Italy,Italy,IT,371.19,465.13,27.05,25.60,,,
2022-01-18 00:00:00,Italy,Italy,IT,386.20,483.16,24.14,21.79,,,
2022-01-19 00:00:00,Italy,Italy,IT,380.69,476.81,24.81,21.67,,,
2022-01-20 00:00:00,Italy,Italy,IT,362.32,453.44,28.78,24.64,,,
2022-01-21 00:00:00,Italy,Italy,IT,367.34,459.97,27.67,24.88,,,
2022-01-22 00:00:00,Italy,Italy,IT,354.70,444.25,31.66,28.10,,,
2022-01-23 00:00:00,Italy,Italy,IT,344.00,428.74,35.86,32.99,,,
2022-01-24 00:00:00,Italy,Italy,IT,353.73,443.51,29.99,28.49,,,
2022-01-25 00:00:00,Italy,Italy,IT,362.35,455.19,27.86,26.35,,,
2022-01-26 00:00:00,Italy,Italy,IT,356.55,448.28,29.25,26.00,,,
2022-01-27 00:00:00,Italy,Italy,IT,363.62,458.04,26.81,23.22,,,
2022-01-28 00:00:00,Italy,Italy,IT,326.93,412.43,35.21,31.06,,,
2022-01-29 00:00:00,Italy,Italy,IT,279.92,354.79,46.10,40.97,,,
2022-01-30 00:00:00,Italy,Italy,IT,307.11,386.25,42.03,38.73,,,
2022-01-31 00:00:00,Italy,Italy,IT,325.82,410.87,35.36,31.50,,,
2022-02-01 00:00:00,Italy,Italy,IT,300.41,379.76,40.47,37.21,,,
2022-02-02 00:00:00,Italy,Italy,IT,330.44,417.29,33.67,29.97,,,
2022-02-03 00:00:00,Italy,Italy,IT,344.84,433.62,31.88,27.43,,,
2022-02-04 00:00:00,Italy,Italy,IT,339.02,425.85,33.20,28.21,,,
2022-02-05 00:00:00,Italy,Italy,IT,337.33,423.49,34.81,28.33,,,
2022-02-06 00:00:00,Italy,Italy,IT,310.46,389.12,42.19,34.95,,,
2022-02-07 00:00:00,Italy,Italy,IT,280.48,355.64,44.64,39.24,,,
2022-02-08 00:00:00,Italy,Italy,IT,300.71,378.50,41.85,36.78,,,
2022-02-09 00:00:00,Italy,Italy,IT,349.34,436.54,32.74,27.41,,,
2022-02-10 00:00:00,Italy,Italy,IT,368.73,458.66,30.32,25.18,,,
2022-02-11 00:00:00,Italy,Italy,IT,369.41,460.15,29.45,24.08,,,
2022-02-12 00:00:00,Italy,Italy,IT,357.85,444.06,34.47,29.02,,,
2022-02-13 00:00:00,Italy,Italy,IT,338.54,419.11,40.26,32.90,,,
2022-02-14 00:00:00,Italy,Italy,IT,353.48,439.21,33.70,28.18,,,
2022-02-15 00:00:00,Italy,Italy,IT,335.48,417.65,37.26,31.11,,,
2022-02-16 00:00:00,Italy,Italy,IT,345.08,430.98,34.72,29.55,,,
2022-02-17 00:00:00,Italy,Italy,IT,324.97,406.86,38.29,32.05,,,
2022-02-18 00:00:00,Italy,Italy,IT,337.77,419.45,37.78,30.99,,,
2022-02-19 00:00:00,Italy,Italy,IT,321.18,396.41,43.91,36.18,,,
2022-02-20 00:00:00,Italy,Italy,IT,309.99,382.23,47.81,39.60,,,
2022-02-21 00:00:00,Italy,Italy,IT,306.82,382.65,43.44,38.11,,,
2022-02-22 00:00:00,Italy,Italy,IT,292.80,364.86,46.91,41.43,,,
2022-02-23 00:00:00,Italy,Italy,IT,303.75,377.17,45.62,39.87,,,
2022-02-24 00:00:00,Italy,Italy,IT,348.48,430.40,37.11,31.28,,,
2022-02-25 00:00:00,Italy,Italy,IT,335.86,413.70,40.97,33.54,,,
2022-02-26 00:00:00,Italy,Italy,IT,315.40,383.72,49.42,40.91,,,
2022-02-27 00:00:00,Italy,Italy,IT,291.05,358.06,52.27,45.93,,,
2022-02-28 00:00:00,Italy,Italy,IT,342.80,424.07,37.75,33.79,,,
2022-03-01 00:00:00,Italy,Italy,IT,335.20,417.18,37.53,33.50,,,
2022-03-02 00:00:00,Italy,Italy,IT,346.61,432.33,34.40,29.82,,,
2022-03-03 00:00:00,Italy,Italy,IT,361.96,449.17,33.43,27.25,,,
2022-03-04 00:00:00,Italy,Italy,IT,372.90,462.09,31.64,25.96,,,
2022-03-05 00:00:00,Italy,Italy,IT,302.36,374.81,48.26,41.00,,,
2022-03-06 00:00:00,Italy,Italy,IT,324.70,400.31,45.68,40.43,,,
2022-03-07 00:00:00,Italy,Italy,IT,353.43,439.58,35.02,30.08,,,
2022-03-08 00:00:00,Italy,Italy,IT,326.96,409.78,39.06,34.47,,,
2022-03-09 00:00:00,Italy,Italy,IT,315.04,395.31,41.03,36.05,,,
2022-03-10 00:00:00,Italy,Italy,IT,328.22,410.80,38.76,33.54,,,
2022-03-11 00:00:00,Italy,Italy,IT,356.17,448.27,30.09,25.11,,,
2022-03-12 00:00:00,Italy,Italy,IT,333.22,417.21,36.80,31.63,,,
2022-03-13 00:00:00,Italy,Italy,IT,329.68,411.47,39.44,34.21,,,
2022-03-14 00:00:00,Italy,Italy,IT,349.88,440.29,30.78,25.97,,,
2022-03-15 00:00:00,Italy,Italy,IT,349.96,442.18,29.39,24.58,,,
2022-03-16 00:00:00,Italy,Italy,IT,357.69,448.37,30.09,24.86,,,
2022-03-17 00:00:00,Italy,Italy,IT,355.08,441.93,32.72,27.40,,,
2022-03-18 00:00:00,Italy,Italy,IT,342.10,424.85,36.57,31.49,,,
2022-03-19 00:00:00,Italy,Italy,IT,316.67,392.22,44.04,38.29,,,
2022-03-20 00:00:00,Italy,Italy,IT,324.65,402.51,42.55,36.11,,,
2022-03-21 00:00:00,Italy,Italy,IT,344.05,428.37,35.69,31.10,,,
2022-03-22 00:00:00,Italy,Italy,IT,339.51,422.35,36.93,32.43,,,
2022-03-23 00:00:00,Italy,Italy,IT,342.97,428.45,35.11,31.60,,,
2022-03-24 00:00:00,Italy,Italy,IT,365.77,453.96,31.95,28.20,,,
2022-03-25 00:00:00,Italy,Italy,IT,363.17,448.34,34.23,28.98,,,
2022-03-26 00:00:00,Italy,Italy,IT,335.04,413.18,41.56,35.59,,,
2022-03-27 00:00:00,Italy,Italy,IT,325.53,398.83,45.77,39.46,,,
2022-03-28 00:00:00,Italy,Italy,IT,370.83,460.06,30.48,26.27,,,
2022-03-29 00:00:00,Italy,Italy,IT,378.03,469.71,27.96,25.06,,,
2022-03-30 00:00:00,Italy,Italy,IT,365.50,452.51,31.41,27.83,,,
2022-03-31 00:00:00,Italy,Italy,IT,337.91,420.14,36.33,33.54,,,
2022-04-01 00:00:00,Italy,Italy,IT,310.99,388.56,41.02,38.88,,,
2022-04-02 00:00:00,Italy,Italy,IT,286.90,356.46,49.00,46.40,,,
2022-04-03 00:00:00,Italy,Italy,IT,337.81,418.35,39.10,37.14,,,
2022-04-04 00:00:00,Italy,Italy,IT,373.83,466.75,26.96,24.53,,,
2022-04-05 00:00:00,Italy,Italy,IT,372.40,465.09,27.64,26.16,,,
2022-04-06 00:00:00,Italy,Italy,IT,359.42,448.31,30.64,27.12,,,
2022-04-07 00:00:00,Italy,Italy,IT,281.26,352.38,47.92,42.31,,,
2022-04-08 00:00:00,Italy,Italy,IT,257.92,325.57,51.66,44.82,,,
2022-04-09 00:00:00,Italy,Italy,IT,252.45,317.37,54.65,49.59,,,
2022-04-10 00:00:00,Italy,Italy,IT,258.46,322.35,56.10,52.20,,,
2022-04-11 00:00:00,Italy,Italy,IT,322.67,399.78,42.46,36.11,,,
2022-04-12 00:00:00,Italy,Italy,IT,340.27,421.96,38.57,32.05,,,
2022-04-13 00:00:00,Italy,Italy,IT,326.50,403.90,42.36,34.84,,,
2022-04-14 00:00:00,Italy,Italy,IT,316.41,391.08,44.89,36.83,,,
2022-04-15 00:00:00,Italy,Italy,IT,312.13,385.67,45.85,37.39,,,
2022-04-16 00:00:00,Italy,Italy,IT,219.73,282.02,59.33,49.45,,,
2022-04-17 00:00:00,Italy,Italy,IT,190.51,247.52,64.81,60.60,,,
2022-04-18 00:00:00,Italy,Italy,IT,216.19,278.50,59.87,54.67,,,
2022-04-19 00:00:00,Italy,Italy,IT,281.55,353.43,48.33,39.75,,,
2022-04-20 00:00:00,Italy,Italy,IT,298.68,374.46,44.03,35.59,,,
2022-04-21 00:00:00,Italy,Italy,IT,300.07,374.71,43.94,34.99,,,
2022-04-22 00:00:00,Italy,Italy,IT,270.54,340.25,49.58,40.85,,,
2022-04-23 00:00:00,Italy,Italy,IT,250.51,316.79,54.41,45.41,,,
2022-04-24 00:00:00,Italy,Italy,IT,216.26,277.13,60.14,53.25,,,
2022-04-25 00:00:00,Italy,Italy,IT,260.44,334.35,48.46,45.25,,,
2022-04-26 00:00:00,Italy,Italy,IT,292.88,371.70,42.15,35.11,,,
2022-04-27 00:00:00,Italy,Italy,IT,269.45,346.33,45.22,37.64,,,
2022-04-28 00:00:00,Italy,Italy,IT,232.80,298.76,55.09,48.01,,,
2022-04-29 00:00:00,Italy,Italy,IT,248.35,314.40,54.39,46.84,,,
2022-04-30 00:00:00,Italy,Italy,IT,251.35,318.12,54.77,44.92,,,
2022-05-01 00:00:00,Italy,Italy,IT,270.75,338.49,53.62,43.47,,,
2022-05-02 00:00:00,Italy,Italy,IT,330.01,409.26,40.82,34.43,,,
2022-05-03 00:00:00,Italy,Italy,IT,355.63,439.89,36.38,31.04,,,
2022-05-04 00:00:00,Italy,Italy,IT,360.06,444.48,36.39,30.31,,,
2022-05-05 00:00:00,Italy,Italy,IT,334.25,412.92,40.65,34.55,,,
2022-05-06 00:00:00,Italy,Italy,IT,305.60,380.83,44.22,37.60,,,
2022-05-07 00:00:00,Italy,Italy,IT,234.85,297.29,58.63,48.61,,,
2022-05-08 00:00:00,Italy,Italy,IT,236.11,300.83,57.79,47.24,,,
2022-05-09 00:00:00,Italy,Italy,IT,282.15,356.33,47.86,40.82,,,
2022-05-10 00:00:00,Italy,Italy,IT,269.11,340.91,50.01,42.40,,,
2022-05-11 00:00:00,Italy,Italy,IT,270.19,341.89,49.93,42.00,,,
2022-05-12 00:00:00,Italy,Italy,IT,265.12,336.21,50.75,42.99,,,
2022-05-13 00:00:00,Italy,Italy,IT,263.45,332.77,52.08,44.81,,,
2022-05-14 00:00:00,Italy,Italy,IT,219.88,282.89,59.79,52.10,,,
2022-05-15 00:00:00,Italy,Italy,IT,219.34,282.19,59.58,51.69,,,
2022-05-16 00:00:00,Italy,Italy,IT,268.08,338.63,49.97,43.59,,,
2022-05-17 00:00:00,Italy,Italy,IT,282.19,354.45,47.86,42.09,,,
2022-05-18 00:00:00,Italy,Italy,IT,250.32,315.33,54.34,49.01,,,
2022-05-19 00:00:00,Italy,Italy,IT,254.21,319.34,54.03,47.94,,,
2022-05-20 00:00:00,Italy,Italy,IT,258.57,325.06,53.04,46.83,,,
2022-05-21 00:00:00,Italy,Italy,IT,218.40,276.50,62.17,56.30,,,
2022-05-22 00:00:00,Italy,Italy,IT,218.58,276.45,62.87,55.38,,,
2022-05-23 00:00:00,Italy,Italy,IT,279.04,346.99,51.19,45.69,,,
2022-05-24 00:00:00,Italy,Italy,IT,279.84,351.00,48.55,43.73,,,
2022-05-25 00:00:00,Italy,Italy,IT,300.29,373.53,45.72,40.64,,,
2022-05-26 00:00:00,Italy,Italy,IT,301.24,374.29,46.24,41.37,,,
2022-05-27 00:00:00,Italy,Italy,IT,304.87,379.13,44.64,40.05,,,
2022-05-28 00:00:00,Italy,Italy,IT,269.63,337.08,52.72,47.32,,,
2022-05-29 00:00:00,Italy,Italy,IT,238.21,298.88,59.72,52.83,,,
2022-05-30 00:00:00,Italy,Italy,IT,292.40,366.56,46.02,41.06,,,
2022-05-31 00:00:00,Italy,Italy,IT,309.58,387.03,42.73,38.08,,,
2022-06-01 00:00:00,Italy,Italy,IT,293.95,368.34,45.86,40.84,,,
2022-06-02 00:00:00,Italy,Italy,IT,280.92,353.57,48.53,44.09,,,
2022-06-03 00:00:00,Italy,Italy,IT,297.98,374.93,43.37,39.00,,,
2022-06-04 00:00:00,Italy,Italy,IT,270.86,341.63,49.68,44.36,,,
2022-06-05 00:00:00,Italy,Italy,IT,267.15,335.02,52.45,46.32,,,
2022-06-06 00:00:00,Italy,Italy,IT,295.49,370.50,44.67,40.80,,,
2022-06-07 00:00:00,Italy,Italy,IT,301.18,377.12,43.41,39.26,,,
2022-06-08 00:00:00,Italy,Italy,IT,302.35,377.96,43.86,39.80,,,
2022-06-09 00:00:00,Italy,Italy,IT,291.90,365.17,45.87,41.77,,,
2022-06-10 00:00:00,Italy,Italy,IT,246.99,312.03,54.22,51.02,,,
2022-06-11 00:00:00,Italy,Italy,IT,202.45,256.12,65.61,60.46,,,
2022-06-12 00:00:00,Italy,Italy,IT,201.57,254.66,66.89,60.75,,,
2022-06-13 00:00:00,Italy,Italy,IT,282.85,356.07,46.57,41.61,,,
2022-06-14 00:00:00,Italy,Italy,IT,305.01,384.29,40.99,36.55,,,
2022-06-15 00:00:00,Italy,Italy,IT,312.52,392.46,40.32,36.03,,,
2022-06-16 00:00:00,Italy,Italy,IT,317.90,396.63,40.87,37.09,,,
2022-06-17 00:00:00,Italy,Italy,IT,314.69,391.85,42.26,38.23,,,
2022-06-18 00:00:00,Italy,Italy,IT,283.20,350.49,51.90,46.46,,,
2022-06-19 00:00:00,Italy,Italy,IT,302.36,371.52,49.95,43.21,,,
2022-06-20 00:00:00,Italy,Italy,IT,322.05,399.74,41.18,37.75,,,
2022-06-21 00:00:00,Italy,Italy,IT,326.17,403.59,41.46,38.03,,,
2022-06-22 00:00:00,Italy,Italy,IT,345.75,429.04,37.03,33.25,,,
2022-06-23 00:00:00,Italy,Italy,IT,339.32,421.60,37.12,33.18,,,
2022-06-24 00:00:00,Italy,Italy,IT,317.63,393.60,42.49,37.83,,,
2022-06-25 00:00:00,Italy,Italy,IT,294.65,363.05,49.98,43.24,,,
2022-06-26 00:00:00,Italy,Italy,IT,294.15,361.16,51.68,44.18,,,
2022-06-27 00:00:00,Italy,Italy,IT,333.07,414.27,38.52,34.33,,,
2022-06-28 00:00:00,Italy,Italy,IT,339.75,423.08,36.91,32.53,,,
2022-06-29 00:00:00,Italy,Italy,IT,335.58,417.52,38.08,34.59,,,
2022-06-30 00:00:00,Italy,Italy,IT,327.67,410.05,38.21,34.09,,,
2022-07-01 00:00:00,Italy,Italy,IT,314.02,393.50,41.02,34.74,,,
2022-07-02 00:00:00,Italy,Italy,IT,282.16,350.61,51.16,42.88,,,
2022-07-03 00:00:00,Italy,Italy,IT,294.15,366.06,47.70,40.50,,,
2022-07-04 00:00:00,Italy,Italy,IT,324.19,405.08,39.27,33.80,,,
2022-07-05 00:00:00,Italy,Italy,IT,313.08,390.68,42.65,36.85,,,
2022-07-06 00:00:00,Italy,Italy,IT,316.60,395.01,42.15,36.57,,,
2022-07-07 00:00:00,Italy,Italy,IT,330.25,412.58,38.50,32.61,,,
2022-07-08 00:00:00,Italy,Italy,IT,269.59,337.37,52.38,46.28,,,
2022-07-09 00:00:00,Italy,Italy,IT,226.01,283.01,63.58,55.37,,,
2022-07-10 00:00:00,Italy,Italy,IT,248.79,310.31,59.96,51.40,,,
2022-07-11 00:00:00,Italy,Italy,IT,321.98,400.38,42.12,36.29,,,
2022-07-12 00:00:00,Italy,Italy,IT,337.14,419.23,38.29,33.29,,,
2022-07-13 00:00:00,Italy,Italy,IT,321.31,400.78,41.17,36.67,,,
2022-07-14 00:00:00,Italy,Italy,IT,322.54,403.03,40.43,34.77,,,
2022-07-15 00:00:00,Italy,Italy,IT,323.79,403.47,41.10,35.50,,,
2022-07-16 00:00:00,Italy,Italy,IT,319.71,396.55,44.43,38.20,,,
2022-07-17 00:00:00,Italy,Italy,IT,315.52,390.64,46.31,40.36,,,
2022-07-18 00:00:00,Italy,Italy,IT,341.58,422.62,38.43,35.16,,,
2022-07-19 00:00:00,Italy,Italy,IT,344.37,427.82,36.48,33.22,,,
2022-07-20 00:00:00,Italy,Italy,IT,348.71,433.31,35.57,32.70,,,
2022-07-21 00:00:00,Italy,Italy,IT,344.18,427.28,36.64,33.04,,,
2022-07-22 00:00:00,Italy,Italy,IT,342.37,425.77,36.70,33.34,,,
2022-07-23 00:00:00,Italy,Italy,IT,346.28,430.97,36.50,32.42,,,
2022-07-24 00:00:00,Italy,Italy,IT,318.61,394.77,45.14,38.86,,,
2022-07-25 00:00:00,Italy,Italy,IT,325.69,405.34,40.51,35.93,,,
2022-07-26 00:00:00,Italy,Italy,IT,329.23,411.41,38.30,34.14,,,
2022-07-27 00:00:00,Italy,Italy,IT,334.88,418.68,37.09,33.12,,,
2022-07-28 00:00:00,Italy,Italy,IT,332.93,417.20,37.34,33.24,,,
2022-07-29 00:00:00,Italy,Italy,IT,332.96,416.71,37.35,32.55,,,
2022-07-30 00:00:00,Italy,Italy,IT,300.20,373.24,47.84,41.33,,,
2022-07-31 00:00:00,Italy,Italy,IT,271.82,337.13,55.63,48.14,,,
2022-08-01 00:00:00,Italy,Italy,IT,321.26,401.96,40.20,36.18,,,
2022-08-02 00:00:00,Italy,Italy,IT,326.11,407.97,38.67,34.14,,,
2022-08-03 00:00:00,Italy,Italy,IT,325.70,407.22,38.83,34.30,,,
2022-08-04 00:00:00,Italy,Italy,IT,330.97,414.34,37.18,32.95,,,
2022-08-05 00:00:00,Italy,Italy,IT,324.60,408.64,37.65,33.12,,,
2022-08-06 00:00:00,Italy,Italy,IT,299.40,375.92,44.41,38.75,,,
2022-08-07 00:00:00,Italy,Italy,IT,275.41,346.49,50.37,45.26,,,
2022-08-08 00:00:00,Italy,Italy,IT,301.08,379.64,42.74,38.56,,,
2022-08-09 00:00:00,Italy,Italy,IT,301.17,379.56,42.92,38.76,,,
2022-08-10 00:00:00,Italy,Italy,IT,291.14,365.97,46.70,42.94,,,
2022-08-11 00:00:00,Italy,Italy,IT,305.14,383.40,43.97,40.95,,,
2022-08-12 00:00:00,Italy,Italy,IT,316.07,395.84,42.67,38.66,,,
2022-08-13 00:00:00,Italy,Italy,IT,283.29,354.59,51.10,45.78,,,
2022-08-14 00:00:00,Italy,Italy,IT,276.24,342.87,55.43,50.22,,,
2022-08-15 00:00:00,Italy,Italy,IT,281.03,350.72,52.48,47.09,,,
2022-08-16 00:00:00,Italy,Italy,IT,322.58,404.50,40.56,38.95,,,
2022-08-17 00:00:00,Italy,Italy,IT,350.63,440.75,32.98,31.83,,,
2022-08-18 00:00:00,Italy,Italy,IT,355.25,446.49,31.49,30.25,,,
2022-08-19 00:00:00,Italy,Italy,IT,308.55,389.16,42.34,40.80,,,
2022-08-20 00:00:00,Italy,Italy,IT,270.47,340.12,53.47,47.80,,,
2022-08-21 00:00:00,Italy,Italy,IT,261.70,328.58,55.99,50.73,,,
2022-08-22 00:00:00,Italy,Italy,IT,335.59,420.99,37.32,35.37,,,
2022-08-23 00:00:00,Italy,Italy,IT,344.52,431.18,35.75,34.03,,,
2022-08-24 00:00:00,Italy,Italy,IT,331.89,416.23,37.87,36.20,,,
2022-08-25 00:00:00,Italy,Italy,IT,342.59,429.80,35.04,33.26,,,
2022-08-26 00:00:00,Italy,Italy,IT,347.15,434.05,35.23,32.60,,,
2022-08-27 00:00:00,Italy,Italy,IT,329.33,411.14,40.81,35.34,,,
2022-08-28 00:00:00,Italy,Italy,IT,319.85,398.72,44.08,37.85,,,
2022-08-29 00:00:00,Italy,Italy,IT,351.30,440.59,32.93,29.35,,,
2022-08-30 00:00:00,Italy,Italy,IT,350.15,439.51,32.60,29.51,,,
2022-08-31 00:00:00,Italy,Italy,IT,354.15,445.26,30.97,28.38,,,
2022-09-01 00:00:00,Italy,Italy,IT,346.81,435.66,33.08,28.18,,,
2022-09-02 00:00:00,Italy,Italy,IT,340.69,426.68,35.84,31.80,,,
2022-09-03 00:00:00,Italy,Italy,IT,334.07,416.85,39.58,32.88,,,
2022-09-04 00:00:00,Italy,Italy,IT,308.23,384.32,47.02,38.78,,,
2022-09-05 00:00:00,Italy,Italy,IT,337.72,423.49,36.12,31.88,,,
2022-09-06 00:00:00,Italy,Italy,IT,341.63,429.18,34.47,29.34,,,
2022-09-07 00:00:00,Italy,Italy,IT,346.40,433.26,34.71,29.18,,,
2022-09-08 00:00:00,Italy,Italy,IT,332.94,414.01,39.54,33.17,,,
2022-09-09 00:00:00,Italy,Italy,IT,305.02,381.83,44.01,37.43,,,
2022-09-10 00:00:00,Italy,Italy,IT,281.06,350.72,51.59,43.92,,,
2022-09-11 00:00:00,Italy,Italy,IT,282.83,353.24,51.45,43.44,,,
2022-09-12 00:00:00,Italy,Italy,IT,336.87,420.84,37.22,31.78,,,
2022-09-13 00:00:00,Italy,Italy,IT,359.65,448.52,31.90,27.23,,,
2022-09-14 00:00:00,Italy,Italy,IT,348.59,435.40,33.76,28.76,,,
2022-09-15 00:00:00,Italy,Italy,IT,337.89,420.23,37.27,31.19,,,
2022-09-16 00:00:00,Italy,Italy,IT,307.95,382.35,45.18,37.78,,,
2022-09-17 00:00:00,Italy,Italy,IT,254.92,319.40,56.53,48.53,,,
2022-09-18 00:00:00,Italy,Italy,IT,276.12,344.34,54.22,44.48,,,
2022-09-19 00:00:00,Italy,Italy,IT,329.15,409.67,40.55,32.88,,,
2022-09-20 00:00:00,Italy,Italy,IT,363.40,452.26,32.35,26.98,,,
2022-09-21 00:00:00,Italy,Italy,IT,342.29,426.73,36.83,31.37,,,
2022-09-22 00:00:00,Italy,Italy,IT,341.27,421.75,40.05,33.87,,,
2022-09-23 00:00:00,Italy,Italy,IT,356.58,439.17,37.83,32.36,,,
2022-09-24 00:00:00,Italy,Italy,IT,335.03,408.36,47.05,36.51,,,
2022-09-25 00:00:00,Italy,Italy,IT,309.51,375.95,53.94,41.90,,,
2022-09-26 00:00:00,Italy,Italy,IT,335.89,414.24,42.21,34.48,,,
2022-09-27 00:00:00,Italy,Italy,IT,284.70,356.47,49.51,42.14,,,
2022-09-28 00:00:00,Italy,Italy,IT,320.33,399.49,42.02,37.46,,,
2022-09-29 00:00:00,Italy,Italy,IT,345.40,429.24,37.47,33.85,,,
2022-09-30 00:00:00,Italy,Italy,IT,336.74,417.62,40.10,33.77,,,
2022-10-01 00:00:00,Italy,Italy,IT,262.95,327.18,57.86,48.28,,,
2022-10-02 00:00:00,Italy,Italy,IT,246.41,306.93,62.32,52.87,,,
2022-10-03 00:00:00,Italy,Italy,IT,308.31,384.30,46.10,38.75,,,
2022-10-04 00:00:00,Italy,Italy,IT,328.93,411.37,39.85,32.63,,,
2022-10-05 00:00:00,Italy,Italy,IT,332.53,415.20,39.69,32.38,,,
2022-10-06 00:00:00,Italy,Italy,IT,352.47,439.93,34.87,29.37,,,
2022-10-07 00:00:00,Italy,Italy,IT,342.39,425.04,39.01,32.18,,,
2022-10-08 00:00:00,Italy,Italy,IT,340.50,418.90,44.04,34.41,,,
2022-10-09 00:00:00,Italy,Italy,IT,338.02,416.75,45.23,34.25,,,
2022-10-10 00:00:00,Italy,Italy,IT,374.91,464.92,32.14,24.88,,,
2022-10-11 00:00:00,Italy,Italy,IT,361.11,450.63,32.75,26.72,,,
2022-10-12 00:00:00,Italy,Italy,IT,367.95,459.40,30.84,24.43,,,
2022-10-13 00:00:00,Italy,Italy,IT,364.60,455.49,31.50,24.94,,,
2022-10-14 00:00:00,Italy,Italy,IT,329.61,413.16,38.84,31.98,,,
2022-10-15 00:00:00,Italy,Italy,IT,322.92,405.09,41.78,32.59,,,
2022-10-16 00:00:00,Italy,Italy,IT,320.62,402.92,43.27,33.75,,,
2022-10-17 00:00:00,Italy,Italy,IT,351.63,442.47,33.56,27.25,,,
2022-10-18 00:00:00,Italy,Italy,IT,365.00,457.95,30.75,25.11,,,
2022-10-19 00:00:00,Italy,Italy,IT,354.44,443.29,34.23,28.34,,,
2022-10-20 00:00:00,Italy,Italy,IT,356.01,444.34,34.89,27.83,,,
2022-10-21 00:00:00,Italy,Italy,IT,354.43,442.75,34.46,26.28,,,
2022-10-22 00:00:00,Italy,Italy,IT,295.37,370.64,48.30,38.90,,,
2022-10-23 00:00:00,Italy,Italy,IT,301.68,378.04,47.81,38.15,,,
2022-10-24 00:00:00,Italy,Italy,IT,316.14,398.53,40.40,34.22,,,
2022-10-25 00:00:00,Italy,Italy,IT,326.44,411.67,37.46,31.06,,,
2022-10-26 00:00:00,Italy,Italy,IT,338.51,425.13,35.63,29.48,,,
2022-10-27 00:00:00,Italy,Italy,IT,341.99,428.97,35.37,28.26,,,
2022-10-28 00:00:00,Italy,Italy,IT,333.86,419.73,36.87,29.64,,,
2022-10-29 00:00:00,Italy,Italy,IT,319.06,402.77,39.94,33.51,,,
2022-10-30 00:00:00,Italy,Italy,IT,353.74,445.19,33.39,31.62,,,
2022-10-31 00:00:00,Italy,Italy,IT,345.52,434.97,35.97,30.66,,,
2022-11-01 00:00:00,Italy,Italy,IT,327.77,411.22,42.67,34.41,,,
2022-11-02 00:00:00,Italy,Italy,IT,353.18,445.06,32.56,26.78,,,
2022-11-03 00:00:00,Italy,Italy,IT,343.02,431.83,34.64,28.46,,,
2022-11-04 00:00:00,Italy,Italy,IT,291.72,366.75,47.46,39.55,,,
2022-11-05 00:00:00,Italy,Italy,IT,289.71,361.59,50.97,42.58,,,
2022-11-06 00:00:00,Italy,Italy,IT,269.11,337.00,55.54,48.80,,,
2022-11-07 00:00:00,Italy,Italy,IT,335.64,422.04,37.47,30.43,,,
2022-11-08 00:00:00,Italy,Italy,IT,345.35,433.76,34.56,27.43,,,
2022-11-09 00:00:00,Italy,Italy,IT,323.78,406.35,39.53,30.53,,,
2022-11-10 00:00:00,Italy,Italy,IT,339.06,424.73,36.57,27.86,,,
2022-11-11 00:00:00,Italy,Italy,IT,292.55,366.40,48.18,37.45,,,
2022-11-12 00:00:00,Italy,Italy,IT,300.50,375.91,48.22,37.26,,,
2022-11-13 00:00:00,Italy,Italy,IT,324.02,404.86,44.56,32.38,,,
2022-11-14 00:00:00,Italy,Italy,IT,345.16,433.91,35.04,26.90,,,
2022-11-15 00:00:00,Italy,Italy,IT,339.82,427.55,35.56,27.85,,,
2022-11-16 00:00:00,Italy,Italy,IT,305.19,382.35,45.04,36.86,,,
2022-11-17 00:00:00,Italy,Italy,IT,314.24,391.64,44.73,36.72,,,
2022-11-18 00:00:00,Italy,Italy,IT,294.47,369.11,47.41,41.18,,,
2022-11-19 00:00:00,Italy,Italy,IT,303.93,374.51,50.86,41.96,,,
2022-11-20 00:00:00,Italy,Italy,IT,294.83,364.45,52.46,43.90,,,
2022-11-21 00:00:00,Italy,Italy,IT,307.71,384.55,44.29,38.47,,,
2022-11-22 00:00:00,Italy,Italy,IT,269.20,338.76,50.62,44.08,,,
2022-11-23 00:00:00,Italy,Italy,IT,293.57,367.34,46.91,39.53,,,
2022-11-24 00:00:00,Italy,Italy,IT,319.74,398.38,41.90,33.46,,,
2022-11-25 00:00:00,Italy,Italy,IT,355.05,439.42,36.39,28.85,,,
2022-11-26 00:00:00,Italy,Italy,IT,290.61,359.53,52.23,43.32,,,
2022-11-27 00:00:00,Italy,Italy,IT,258.86,322.84,58.19,50.30,,,
2022-11-28 00:00:00,Italy,Italy,IT,361.93,450.77,32.36,26.66,,,
2022-11-29 00:00:00,Italy,Italy,IT,373.30,466.70,27.84,24.04,,,
2022-11-30 00:00:00,Italy,Italy,IT,347.23,434.98,33.16,30.37,,,
2022-12-01 00:00:00,Italy,Italy,IT,377.37,472.18,26.70,24.01,,,
2022-12-02 00:00:00,Italy,Italy,IT,387.70,483.36,25.79,21.83,,,
2022-12-03 00:00:00,Italy,Italy,IT,353.45,437.42,36.83,30.47,,,
2022-12-04 00:00:00,Italy,Italy,IT,350.55,432.68,38.04,33.05,,,
2022-12-05 00:00:00,Italy,Italy,IT,372.12,466.61,26.31,24.59,,,
2022-12-06 00:00:00,Italy,Italy,IT,388.09,485.31,23.50,22.18,,,
2022-12-07 00:00:00,Italy,Italy,IT,404.86,505.71,20.59,19.71,,,
2022-12-08 00:00:00,Italy,Italy,IT,392.01,488.35,26.49,26.22,,,
2022-12-09 00:00:00,Italy,Italy,IT,353.05,440.47,34.10,33.75,,,
2022-12-10 00:00:00,Italy,Italy,IT,350.16,436.84,35.48,34.98,,,
2022-12-11 00:00:00,Italy,Italy,IT,330.82,412.42,40.60,39.91,,,
2022-12-12 00:00:00,Italy,Italy,IT,391.07,488.82,24.60,24.12,,,
2022-12-13 00:00:00,Italy,Italy,IT,387.28,482.73,25.73,24.00,,,
2022-12-14 00:00:00,Italy,Italy,IT,381.11,475.28,26.58,25.00,,,
2022-12-15 00:00:00,Italy,Italy,IT,372.92,463.56,29.80,27.60,,,
2022-12-16 00:00:00,Italy,Italy,IT,360.72,448.30,32.63,30.74,,,
2022-12-17 00:00:00,Italy,Italy,IT,358.82,441.60,37.71,33.24,,,
2022-12-18 00:00:00,Italy,Italy,IT,350.42,428.15,43.16,35.86,,,
2022-12-19 00:00:00,Italy,Italy,IT,364.46,450.01,35.20,27.84,,,
2022-12-20 00:00:00,Italy,Italy,IT,378.07,466.05,32.68,25.02,,,
2022-12-21 00:00:00,Italy,Italy,IT,371.32,456.57,34.51,25.86,,,
2022-12-22 00:00:00,Italy,Italy,IT,344.92,423.90,40.68,30.71,,,
2022-12-23 00:00:00,Italy,Italy,IT,323.66,397.63,45.89,35.00,,,
2022-12-24 00:00:00,Italy,Italy,IT,319.36,386.48,53.08,40.42,,,
2022-12-25 00:00:00,Italy,Italy,IT,338.46,410.85,49.59,36.40,,,
2022-12-26 00:00:00,Italy,Italy,IT,329.42,404.13,48.19,41.09,,,
2022-12-27 00:00:00,Italy,Italy,IT,340.12,420.52,41.84,35.17,,,
2022-12-28 00:00:00,Italy,Italy,IT,337.89,415.57,43.15,34.59,,,
2022-12-29 00:00:00,Italy,Italy,IT,324.72,401.41,45.10,37.52,,,
2022-12-30 00:00:00,Italy,Italy,IT,302.53,372.92,51.53,43.65,,,
2022-12-31 00:00:00,Italy,Italy,IT,365.28,453.12,37.14,31.77,,,
2023-01-01 00:00:00,Italy,Italy,IT,369.63,454.92,37.00,30.51,,,
2023-01-02 00:00:00,Italy,Italy,IT,371.59,458.91,32.96,26.26,,,
2023-01-03 00:00:00,Italy,Italy,IT,345.89,424.55,39.18,27.99,,,
2023-01-04 00:00:00,Italy,Italy,IT,314.07,385.96,46.43,34.77,,,
2023-01-05 00:00:00,Italy,Italy,IT,325.82,401.17,43.19,31.92,,,
2023-01-06 00:00:00,Italy,Italy,IT,309.87,380.59,47.54,31.66,,,
2023-01-07 00:00:00,Italy,Italy,IT,309.77,383.14,46.00,29.94,,,
2023-01-08 00:00:00,Italy,Italy,IT,282.71,349.46,52.46,38.15,,,
2023-01-09 00:00:00,Italy,Italy,IT,262.66,325.96,53.65,43.60,,,
2023-01-10 00:00:00,Italy,Italy,IT,263.36,324.70,54.69,44.93,,,
2023-01-11 00:00:00,Italy,Italy,IT,299.44,369.12,46.80,37.17,,,
2023-01-12 00:00:00,Italy,Italy,IT,310.81,384.62,43.78,34.24,,,
2023-01-13 00:00:00,Italy,Italy,IT,320.22,396.88,41.46,31.11,,,
2023-01-14 00:00:00,Italy,Italy,IT,292.48,361.29,49.67,37.48,,,
2023-01-15 00:00:00,Italy,Italy,IT,293.66,358.87,52.67,41.12,,,
2023-01-16 00:00:00,Italy,Italy,IT,297.59,365.80,48.21,39.64,,,
2023-01-17 00:00:00,Italy,Italy,IT,297.38,368.08,45.87,39.07,,,
2023-01-18 00:00:00,Italy,Italy,IT,308.33,382.22,43.67,37.48,,,
2023-01-19 00:00:00,Italy,Italy,IT,333.92,409.48,39.96,35.43,,,
2023-01-20 00:00:00,Italy,Italy,IT,322.25,397.71,41.17,35.60,,,
2023-01-21 00:00:00,Italy,Italy,IT,299.64,365.13,50.70,41.80,,,
2023-01-22 00:00:00,Italy,Italy,IT,342.72,413.46,44.57,35.84,,,
2023-01-23 00:00:00,Italy,Italy,IT,368.62,453.45,31.72,27.13,,,
2023-01-24 00:00:00,Italy,Italy,IT,372.77,460.57,29.70,25.58,,,
2023-01-25 00:00:00,Italy,Italy,IT,366.13,452.19,31.24,27.16,,,
2023-01-26 00:00:00,Italy,Italy,IT,357.36,440.60,34.03,28.89,,,
2023-01-27 00:00:00,Italy,Italy,IT,334.82,410.89,40.16,33.23,,,
2023-01-28 00:00:00,Italy,Italy,IT,337.46,412.39,42.99,33.33,,,
2023-01-29 00:00:00,Italy,Italy,IT,329.42,399.09,46.86,39.10,,,
2023-01-30 00:00:00,Italy,Italy,IT,340.35,417.73,38.47,32.35,,,
2023-01-31 00:00:00,Italy,Italy,IT,324.72,401.07,41.17,34.55,,,
2023-02-01 00:00:00,Italy,Italy,IT,309.72,385.33,43.00,34.85,,,
2023-02-02 00:00:00,Italy,Italy,IT,327.44,405.39,40.29,30.97,,,
2023-02-03 00:00:00,Italy,Italy,IT,307.11,382.50,43.95,35.61,,,
2023-02-04 00:00:00,Italy,Italy,IT,284.80,352.34,51.88,43.03,,,
2023-02-05 00:00:00,Italy,Italy,IT,248.29,307.74,59.53,50.59,,,
2023-02-06 00:00:00,Italy,Italy,IT,314.14,390.21,42.42,36.42,,,
2023-02-07 00:00:00,Italy,Italy,IT,323.11,402.09,39.86,34.08,,,
2023-02-08 00:00:00,Italy,Italy,IT,332.10,411.19,39.60,32.45,,,
2023-02-09 00:00:00,Italy,Italy,IT,339.11,420.58,37.34,31.78,,,
2023-02-10 00:00:00,Italy,Italy,IT,299.31,373.75,45.10,38.06,,,
2023-02-11 00:00:00,Italy,Italy,IT,312.35,389.72,44.21,35.47,,,
2023-02-12 00:00:00,Italy,Italy,IT,297.91,368.27,50.91,42.62,,,
2023-02-13 00:00:00,Italy,Italy,IT,336.20,419.39,37.47,30.04,,,
2023-02-14 00:00:00,Italy,Italy,IT,328.66,407.28,40.54,32.27,,,
2023-02-15 00:00:00,Italy,Italy,IT,336.12,415.11,38.89,30.13,,,
2023-02-16 00:00:00,Italy,Italy,IT,344.43,426.40,37.12,28.42,,,
2023-02-17 00:00:00,Italy,Italy,IT,338.71,420.63,37.95,28.79,,,
2023-02-18 00:00:00,Italy,Italy,IT,306.62,374.61,50.86,39.99,,,
2023-02-19 00:00:00,Italy,Italy,IT,305.38,373.37,51.73,40.84,,,
2023-02-20 00:00:00,Italy,Italy,IT,348.94,432.40,36.70,28.38,,,
2023-02-21 00:00:00,Italy,Italy,IT,352.33,437.83,34.57,27.65,,,
2023-02-22 00:00:00,Italy,Italy,IT,368.31,457.57,30.85,23.52,,,
2023-02-23 00:00:00,Italy,Italy,IT,363.97,452.72,31.79,24.21,,,
2023-02-24 00:00:00,Italy,Italy,IT,332.98,414.38,38.33,30.49,,,
2023-02-25 00:00:00,Italy,Italy,IT,303.90,375.27,48.53,40.89,,,
2023-02-26 00:00:00,Italy,Italy,IT,290.08,358.63,52.08,43.69,,,
2023-02-27 00:00:00,Italy,Italy,IT,344.59,427.96,35.91,29.85,,,
2023-02-28 00:00:00,Italy,Italy,IT,350.64,435.79,33.41,28.83,,,
2023-03-01 00:00:00,Italy,Italy,IT,351.72,438.53,31.86,27.23,,,
2023-03-02 00:00:00,Italy,Italy,IT,356.74,446.06,29.82,25.69,,,
2023-03-03 00:00:00,Italy,Italy,IT,346.12,432.82,32.71,28.53,,,
2023-03-04 00:00:00,Italy,Italy,IT,315.71,392.04,43.84,39.26,,,
2023-03-05 00:00:00,Italy,Italy,IT,336.98,414.87,42.39,39.80,,,
2023-03-06 00:00:00,Italy,Italy,IT,341.38,421.80,37.55,34.84,,,
2023-03-07 00:00:00,Italy,Italy,IT,334.05,415.09,38.15,35.04,,,
2023-03-08 00:00:00,Italy,Italy,IT,316.79,393.94,41.55,36.67,,,
2023-03-09 00:00:00,Italy,Italy,IT,283.63,352.73,49.13,42.12,,,
2023-03-10 00:00:00,Italy,Italy,IT,270.83,338.19,51.28,44.63,,,
2023-03-11 00:00:00,Italy,Italy,IT,248.28,308.81,58.14,50.13,,,
2023-03-12 00:00:00,Italy,Italy,IT,270.19,334.20,55.80,46.00,,,
2023-03-13 00:00:00,Italy,Italy,IT,293.78,365.93,47.23,38.62,,,
2023-03-14 00:00:00,Italy,Italy,IT,269.36,335.31,51.62,43.93,,,
2023-03-15 00:00:00,Italy,Italy,IT,261.25,326.84,52.66,45.69,,,
2023-03-16 00:00:00,Italy,Italy,IT,254.54,320.32,53.43,45.67,,,
2023-03-17 00:00:00,Italy,Italy,IT,288.02,359.63,47.71,39.43,,,
2023-03-18 00:00:00,Italy,Italy,IT,309.74,384.28,45.32,36.60,,,
2023-03-19 00:00:00,Italy,Italy,IT,314.47,386.46,46.19,34.92,,,
2023-03-20 00:00:00,Italy,Italy,IT,339.22,418.74,37.15,28.83,,,
2023-03-21 00:00:00,Italy,Italy,IT,319.75,396.05,41.48,32.75,,,
2023-03-22 00:00:00,Italy,Italy,IT,317.68,394.45,42.38,32.65,,,
2023-03-23 00:00:00,Italy,Italy,IT,316.43,392.46,43.15,33.49,,,
2023-03-24 00:00:00,Italy,Italy,IT,294.96,364.65,48.56,39.52,,,
2023-03-25 00:00:00,Italy,Italy,IT,241.45,301.42,60.14,51.79,,,
2023-03-26 00:00:00,Italy,Italy,IT,242.50,300.32,60.85,51.35,,,
2023-03-27 00:00:00,Italy,Italy,IT,269.69,335.44,51.88,46.33,,,
2023-03-28 00:00:00,Italy,Italy,IT,273.80,341.86,50.79,44.67,,,
2023-03-29 00:00:00,Italy,Italy,IT,285.53,355.86,48.36,40.55,,,
2023-03-30 00:00:00,Italy,Italy,IT,290.38,361.85,47.55,38.83,,,
2023-03-31 00:00:00,Italy,Italy,IT,259.49,323.41,53.65,44.08,,,
2023-04-01 00:00:00,Italy,Italy,IT,170.70,222.12,66.65,55.37,,,
2023-04-02 00:00:00,Italy,Italy,IT,214.16,277.28,56.46,44.22,,,
2023-04-03 00:00:00,Italy,Italy,IT,207.52,268.64,57.05,49.65,,,
2023-04-04 00:00:00,Italy,Italy,IT,222.62,286.82,53.63,45.73,,,
2023-04-05 00:00:00,Italy,Italy,IT,268.20,344.82,43.28,36.15,,,
2023-04-06 00:00:00,Italy,Italy,IT,240.39,312.29,49.49,41.34,,,
2023-04-07 00:00:00,Italy,Italy,IT,249.32,326.47,46.07,36.26,,,
2023-04-08 00:00:00,Italy,Italy,IT,216.17,284.25,54.72,41.74,,,
2023-04-09 00:00:00,Italy,Italy,IT,221.30,293.38,52.08,44.00,,,
2023-04-10 00:00:00,Italy,Italy,IT,174.36,233.93,63.66,56.73,,,
2023-04-11 00:00:00,Italy,Italy,IT,217.51,283.81,54.63,44.35,,,
2023-04-12 00:00:00,Italy,Italy,IT,243.17,316.00,47.86,38.58,,,
2023-04-13 00:00:00,Italy,Italy,IT,235.72,305.97,49.90,41.10,,,
2023-04-14 00:00:00,Italy,Italy,IT,207.68,270.90,56.86,47.99,,,
2023-04-15 00:00:00,Italy,Italy,IT,188.02,247.74,61.20,49.24,,,
2023-04-16 00:00:00,Italy,Italy,IT,194.82,256.05,60.47,48.94,,,
2023-04-17 00:00:00,Italy,Italy,IT,250.96,323.60,47.24,38.56,,,
2023-04-18 00:00:00,Italy,Italy,IT,268.08,346.98,42.95,34.20,,,
2023-04-19 00:00:00,Italy,Italy,IT,252.05,326.45,47.02,37.42,,,
2023-04-20 00:00:00,Italy,Italy,IT,259.66,336.11,44.71,34.26,,,
2023-04-21 00:00:00,Italy,Italy,IT,252.82,327.61,46.94,37.45,,,
2023-04-22 00:00:00,Italy,Italy,IT,212.98,279.03,56.68,44.44,,,
2023-04-23 00:00:00,Italy,Italy,IT,189.03,249.24,62.14,50.31,,,
2023-04-24 00:00:00,Italy,Italy,IT,159.69,213.27,68.06,58.98,,,
2023-04-25 00:00:00,Italy,Italy,IT,168.81,223.25,66.97,60.19,,,
2023-04-26 00:00:00,Italy,Italy,IT,221.35,288.48,54.16,46.61,,,
2023-04-27 00:00:00,Italy,Italy,IT,239.22,311.12,49.63,38.60,,,
2023-04-28 00:00:00,Italy,Italy,IT,224.75,292.65,52.99,41.81,,,
2023-04-29 00:00:00,Italy,Italy,IT,182.94,242.50,62.48,46.60,,,
2023-04-30 00:00:00,Italy,Italy,IT,177.81,236.50,64.15,48.20,,,
2023-05-01 00:00:00,Italy,Italy,IT,187.41,246.88,62.40,49.78,,,
2023-05-02 00:00:00,Italy,Italy,IT,238.99,310.80,48.80,40.46,,,
2023-05-03 00:00:00,Italy,Italy,IT,206.69,270.21,56.23,47.81,,,
2023-05-04 00:00:00,Italy,Italy,IT,205.65,269.09,56.81,48.06,,,
2023-05-05 00:00:00,Italy,Italy,IT,210.46,275.40,55.89,47.24,,,
2023-05-06 00:00:00,Italy,Italy,IT,190.78,251.96,60.76,51.51,,,
2023-05-07 00:00:00,Italy,Italy,IT,177.02,235.81,64.15,55.21,,,
2023-05-08 00:00:00,Italy,Italy,IT,247.23,320.39,47.60,41.25,,,
2023-05-09 00:00:00,Italy,Italy,IT,242.87,315.62,48.91,42.53,,,
2023-05-10 00:00:00,Italy,Italy,IT,238.48,309.24,49.66,42.76,,,
2023-05-11 00:00:00,Italy,Italy,IT,174.53,230.16,64.25,55.47,,,
2023-05-12 00:00:00,Italy,Italy,IT,185.16,242.85,62.59,54.40,,,
2023-05-13 00:00:00,Italy,Italy,IT,162.02,216.92,67.21,57.65,,,
2023-05-14 00:00:00,Italy,Italy,IT,152.54,205.34,69.27,59.62,,,
2023-05-15 00:00:00,Italy,Italy,IT,192.43,252.98,61.43,54.66,,,
2023-05-16 00:00:00,Italy,Italy,IT,186.92,243.10,63.94,58.17,,,
2023-05-17 00:00:00,Italy,Italy,IT,209.06,272.09,58.69,54.29,,,
2023-05-18 00:00:00,Italy,Italy,IT,216.34,280.38,57.32,47.68,,,
2023-05-19 00:00:00,Italy,Italy,IT,227.52,293.21,54.76,49.66,,,
2023-05-20 00:00:00,Italy,Italy,IT,182.53,240.27,64.26,57.48,,,
2023-05-21 00:00:00,Italy,Italy,IT,163.13,215.21,70.37,65.94,,,
2023-05-22 00:00:00,Italy,Italy,IT,215.11,276.62,58.39,52.40,,,
2023-05-23 00:00:00,Italy,Italy,IT,225.28,290.14,56.12,50.78,,,
2023-05-24 00:00:00,Italy,Italy,IT,231.78,294.91,55.51,50.41,,,
2023-05-25 00:00:00,Italy,Italy,IT,222.59,283.44,58.23,53.22,,,
2023-05-26 00:00:00,Italy,Italy,IT,176.08,226.20,68.64,62.96,,,
2023-05-27 00:00:00,Italy,Italy,IT,143.63,187.48,75.47,69.44,,,
2023-05-28 00:00:00,Italy,Italy,IT,154.79,200.71,74.08,67.94,,,
2023-05-29 00:00:00,Italy,Italy,IT,205.58,262.21,62.46,56.19,,,
2023-05-30 00:00:00,Italy,Italy,IT,231.17,289.90,58.35,51.84,,,
2023-05-31 00:00:00,Italy,Italy,IT,237.42,298.31,56.85,50.71,,,
2023-06-01 00:00:00,Italy,Italy,IT,235.91,297.90,57.14,52.77,,,
2023-06-02 00:00:00,Italy,Italy,IT,196.06,255.38,63.29,60.72,,,
2023-06-03 00:00:00,Italy,Italy,IT,191.61,244.18,66.51,61.43,,,
2023-06-04 00:00:00,Italy,Italy,IT,209.26,266.96,62.49,59.18,,,
2023-06-05 00:00:00,Italy,Italy,IT,263.18,330.35,50.69,47.45,,,
2023-06-06 00:00:00,Italy,Italy,IT,269.51,336.69,50.49,46.56,,,
2023-06-07 00:00:00,Italy,Italy,IT,265.76,330.67,52.12,48.79,,,
2023-06-08 00:00:00,Italy,Italy,IT,253.88,315.21,55.23,50.69,,,
2023-06-09 00:00:00,Italy,Italy,IT,245.42,302.70,58.14,52.81,,,
2023-06-10 00:00:00,Italy,Italy,IT,183.97,238.27,65.46,58.87,,,
2023-06-11 00:00:00,Italy,Italy,IT,165.48,216.59,69.85,64.16,,,
2023-06-12 00:00:00,Italy,Italy,IT,205.62,260.52,62.51,55.66,,,
2023-06-13 00:00:00,Italy,Italy,IT,255.35,318.59,53.29,47.69,,,
2023-06-14 00:00:00,Italy,Italy,IT,276.61,342.67,49.90,43.79,,,
2023-06-15 00:00:00,Italy,Italy,IT,254.33,315.43,54.93,50.53,,,
2023-06-16 00:00:00,Italy,Italy,IT,193.60,245.98,64.79,61.03,,,
2023-06-17 00:00:00,Italy,Italy,IT,153.04,202.69,70.52,66.64,,,
2023-06-18 00:00:00,Italy,Italy,IT,165.71,218.85,68.45,62.50,,,
2023-06-19 00:00:00,Italy,Italy,IT,247.18,314.57,52.26,46.58,,,
2023-06-20 00:00:00,Italy,Italy,IT,296.43,369.20,44.84,41.00,,,
2023-06-21 00:00:00,Italy,Italy,IT,297.30,369.84,44.90,40.81,,,
2023-06-22 00:00:00,Italy,Italy,IT,288.73,358.03,47.16,41.98,,,
2023-06-23 00:00:00,Italy,Italy,IT,253.79,317.33,53.86,47.55,,,
2023-06-24 00:00:00,Italy,Italy,IT,186.71,246.45,62.10,54.94,,,
2023-06-25 00:00:00,Italy,Italy,IT,163.38,216.39,68.31,62.32,,,
2023-06-26 00:00:00,Italy,Italy,IT,239.28,305.24,53.09,46.43,,,
2023-06-27 00:00:00,Italy,Italy,IT,274.96,346.49,46.80,40.56,,,
2023-06-28 00:00:00,Italy,Italy,IT,279.22,353.42,44.95,39.22,,,
2023-06-29 00:00:00,Italy,Italy,IT,277.69,352.39,45.25,39.01,,,
2023-06-30 00:00:00,Italy,Italy,IT,281.29,355.03,45.10,37.75,,,
2023-07-01 00:00:00,Italy,Italy,IT,178.27,233.56,65.57,55.47,,,
2023-07-02 00:00:00,Italy,Italy,IT,172.99,227.68,67.50,57.74,,,
2023-07-03 00:00:00,Italy,Italy,IT,229.89,294.69,55.29,47.32,,,
2023-07-04 00:00:00,Italy,Italy,IT,259.56,330.90,48.91,42.54,,,
2023-07-05 00:00:00,Italy,Italy,IT,258.09,328.35,50.06,42.93,,,
2023-07-06 00:00:00,Italy,Italy,IT,269.50,339.75,48.56,42.92,,,
2023-07-07 00:00:00,Italy,Italy,IT,249.60,318.19,51.58,43.24,,,
2023-07-08 00:00:00,Italy,Italy,IT,212.30,276.55,58.69,51.17,,,
2023-07-09 00:00:00,Italy,Italy,IT,200.15,261.50,61.89,53.16,,,
2023-07-10 00:00:00,Italy,Italy,IT,270.97,345.91,45.08,40.78,,,
2023-07-11 00:00:00,Italy,Italy,IT,285.36,366.09,40.70,36.27,,,
2023-07-12 00:00:00,Italy,Italy,IT,272.17,349.70,43.38,40.29,,,
2023-07-13 00:00:00,Italy,Italy,IT,260.35,334.16,46.66,42.83,,,
2023-07-14 00:00:00,Italy,Italy,IT,259.63,331.93,47.66,41.00,,,
2023-07-15 00:00:00,Italy,Italy,IT,230.33,299.67,53.22,45.58,,,
2023-07-16 00:00:00,Italy,Italy,IT,224.14,291.57,55.53,48.59,,,
2023-07-17 00:00:00,Italy,Italy,IT,277.99,355.66,42.84,37.97,,,
2023-07-18 00:00:00,Italy,Italy,IT,283.00,361.14,41.68,36.94,,,
2023-07-19 00:00:00,Italy,Italy,IT,281.68,361.50,41.31,37.48,,,
2023-07-20 00:00:00,Italy,Italy,IT,278.47,355.88,42.94,38.62,,,
2023-07-21 00:00:00,Italy,Italy,IT,265.39,341.15,45.30,39.66,,,
2023-07-22 00:00:00,Italy,Italy,IT,222.12,289.78,56.28,49.72,,,
2023-07-23 00:00:00,Italy,Italy,IT,230.11,298.47,55.62,49.44,,,
2023-07-24 00:00:00,Italy,Italy,IT,272.09,347.14,45.46,40.97,,,
2023-07-25 00:00:00,Italy,Italy,IT,248.08,317.63,50.60,45.70,,,
2023-07-26 00:00:00,Italy,Italy,IT,231.01,296.84,55.38,52.01,,,
2023-07-27 00:00:00,Italy,Italy,IT,249.03,317.53,52.49,48.02,,,
2023-07-28 00:00:00,Italy,Italy,IT,253.14,321.79,51.30,45.71,,,
2023-07-29 00:00:00,Italy,Italy,IT,236.85,303.99,54.81,47.87,,,
2023-07-30 00:00:00,Italy,Italy,IT,211.47,269.55,62.63,55.13,,,
2023-07-31 00:00:00,Italy,Italy,IT,253.97,322.11,50.98,44.19,,,
2023-08-01 00:00:00,Italy,Italy,IT,228.13,292.20,55.42,47.75,,,
2023-08-02 00:00:00,Italy,Italy,IT,225.20,288.37,56.46,49.61,,,
2023-08-03 00:00:00,Italy,Italy,IT,248.19,316.43,51.28,44.89,,,
2023-08-04 00:00:00,Italy,Italy,IT,240.72,309.02,52.37,47.33,,,
2023-08-05 00:00:00,Italy,Italy,IT,164.12,222.92,66.21,61.00,,,
2023-08-06 00:00:00,Italy,Italy,IT,136.45,189.38,73.03,68.95,,,
2023-08-07 00:00:00,Italy,Italy,IT,196.61,258.18,62.05,57.56,,,
2023-08-08 00:00:00,Italy,Italy,IT,214.17,278.58,58.90,54.84,,,
2023-08-09 00:00:00,Italy,Italy,IT,235.68,303.74,54.39,50.40,,,
2023-08-10 00:00:00,Italy,Italy,IT,229.16,292.61,57.44,53.21,,,
2023-08-11 00:00:00,Italy,Italy,IT,215.57,274.97,61.19,57.49,,,
2023-08-12 00:00:00,Italy,Italy,IT,182.55,238.68,66.18,62.58,,,
2023-08-13 00:00:00,Italy,Italy,IT,200.96,264.25,60.73,57.25,,,
2023-08-14 00:00:00,Italy,Italy,IT,215.43,280.39,57.68,54.08,,,
2023-08-15 00:00:00,Italy,Italy,IT,224.57,293.51,55.12,51.84,,,
2023-08-16 00:00:00,Italy,Italy,IT,232.87,301.42,54.31,50.31,,,
2023-08-17 00:00:00,Italy,Italy,IT,228.37,295.54,55.48,50.62,,,
2023-08-18 00:00:00,Italy,Italy,IT,229.56,297.34,55.02,49.80,,,
2023-08-19 00:00:00,Italy,Italy,IT,209.71,272.67,59.87,53.22,,,
2023-08-20 00:00:00,Italy,Italy,IT,202.04,263.46,61.09,56.64,,,
2023-08-21 00:00:00,Italy,Italy,IT,246.49,316.92,50.46,47.30,,,
2023-08-22 00:00:00,Italy,Italy,IT,274.21,350.13,44.23,41.68,,,
2023-08-23 00:00:00,Italy,Italy,IT,282.55,361.26,42.07,38.12,,,
2023-08-24 00:00:00,Italy,Italy,IT,299.35,380.65,39.16,35.37,,,
2023-08-25 00:00:00,Italy,Italy,IT,294.12,373.74,40.03,35.42,,,
2023-08-26 00:00:00,Italy,Italy,IT,266.50,341.04,46.42,40.15,,,
2023-08-27 00:00:00,Italy,Italy,IT,227.34,294.37,54.01,46.34,,,
2023-08-28 00:00:00,Italy,Italy,IT,231.72,298.16,52.67,47.27,,,
2023-08-29 00:00:00,Italy,Italy,IT,233.52,298.89,53.48,49.26,,,
2023-08-30 00:00:00,Italy,Italy,IT,218.27,278.61,57.81,55.31,,,
2023-08-31 00:00:00,Italy,Italy,IT,232.00,298.85,53.49,47.97,,,
2023-09-01 00:00:00,Italy,Italy,IT,252.82,324.58,48.88,43.22,,,
2023-09-02 00:00:00,Italy,Italy,IT,225.60,290.87,56.22,49.02,,,
2023-09-03 00:00:00,Italy,Italy,IT,192.44,249.97,64.17,55.93,,,
2023-09-04 00:00:00,Italy,Italy,IT,205.96,264.54,60.24,54.29,,,
2023-09-05 00:00:00,Italy,Italy,IT,216.94,277.56,58.28,53.03,,,
2023-09-06 00:00:00,Italy,Italy,IT,230.19,293.76,55.55,50.32,,,
2023-09-07 00:00:00,Italy,Italy,IT,243.83,312.52,51.49,46.38,,,
2023-09-08 00:00:00,Italy,Italy,IT,248.22,317.90,50.62,45.27,,,
2023-09-09 00:00:00,Italy,Italy,IT,218.32,280.08,58.92,50.63,,,
2023-09-10 00:00:00,Italy,Italy,IT,215.43,277.97,59.43,51.70,,,
2023-09-11 00:00:00,Italy,Italy,IT,277.80,354.72,43.72,37.96,,,
2023-09-12 00:00:00,Italy,Italy,IT,292.95,373.16,40.15,34.87,,,
2023-09-13 00:00:00,Italy,Italy,IT,290.84,369.36,41.11,34.58,,,
2023-09-14 00:00:00,Italy,Italy,IT,296.37,378.24,38.93,31.90,,,
2023-09-15 00:00:00,Italy,Italy,IT,292.80,372.96,40.27,32.92,,,
2023-09-16 00:00:00,Italy,Italy,IT,278.60,356.27,44.02,36.02,,,
2023-09-17 00:00:00,Italy,Italy,IT,248.17,318.54,51.53,41.99,,,
2023-09-18 00:00:00,Italy,Italy,IT,279.55,357.52,42.52,35.11,,,
2023-09-19 00:00:00,Italy,Italy,IT,272.59,349.44,43.92,37.61,,,
2023-09-20 00:00:00,Italy,Italy,IT,308.76,394.04,35.47,29.63,,,
2023-09-21 00:00:00,Italy,Italy,IT,272.62,347.85,44.65,38.74,,,
2023-09-22 00:00:00,Italy,Italy,IT,241.67,309.20,51.65,44.49,,,
2023-09-23 00:00:00,Italy,Italy,IT,202.29,260.34,61.97,53.05,,,
2023-09-24 00:00:00,Italy,Italy,IT,183.74,237.40,67.49,60.51,,,
2023-09-25 00:00:00,Italy,Italy,IT,233.01,297.95,55.41,48.80,,,
2023-09-26 00:00:00,Italy,Italy,IT,227.04,291.08,56.36,50.31,,,
2023-09-27 00:00:00,Italy,Italy,IT,261.17,333.05,48.99,42.67,,,
2023-09-28 00:00:00,Italy,Italy,IT,270.98,345.55,46.58,38.92,,,
2023-09-29 00:00:00,Italy,Italy,IT,267.15,339.66,48.01,39.66,,,
2023-09-30 00:00:00,Italy,Italy,IT,232.09,297.67,56.20,45.82,,,
2023-10-01 00:00:00,Italy,Italy,IT,175.27,230.74,65.76,53.45,,,
2023-10-02 00:00:00,Italy,Italy,IT,224.39,290.53,54.07,43.69,,,
2023-10-03 00:00:00,Italy,Italy,IT,255.71,331.23,46.77,37.05,,,
2023-10-04 00:00:00,Italy,Italy,IT,259.22,334.67,45.53,34.57,,,
2023-10-05 00:00:00,Italy,Italy,IT,251.97,324.60,46.72,34.59,,,
2023-10-06 00:00:00,Italy,Italy,IT,251.88,325.64,46.47,36.04,,,
2023-10-07 00:00:00,Italy,Italy,IT,217.98,284.91,54.83,41.55,,,
2023-10-08 00:00:00,Italy,Italy,IT,207.49,269.44,58.36,45.92,,,
2023-10-09 00:00:00,Italy,Italy,IT,253.09,327.73,45.62,35.69,,,
2023-10-10 00:00:00,Italy,Italy,IT,260.73,335.52,44.46,34.30,,,
2023-10-11 00:00:00,Italy,Italy,IT,271.50,349.68,41.76,32.13,,,
2023-10-12 00:00:00,Italy,Italy,IT,268.21,345.43,42.50,32.26,,,
2023-10-13 00:00:00,Italy,Italy,IT,259.40,335.09,44.36,33.79,,,
2023-10-14 00:00:00,Italy,Italy,IT,205.51,269.06,58.02,44.89,,,
2023-10-15 00:00:00,Italy,Italy,IT,173.24,229.07,65.88,53.22,,,
2023-10-16 00:00:00,Italy,Italy,IT,290.51,371.25,39.45,30.51,,,
2023-10-17 00:00:00,Italy,Italy,IT,300.23,383.05,36.99,29.00,,,
2023-10-18 00:00:00,Italy,Italy,IT,298.06,380.44,37.06,28.99,,,
2023-10-19 00:00:00,Italy,Italy,IT,257.71,329.77,46.72,38.90,,,
2023-10-20 00:00:00,Italy,Italy,IT,219.91,284.09,54.68,46.58,,,
2023-10-21 00:00:00,Italy,Italy,IT,194.59,252.12,61.14,52.20,,,
2023-10-22 00:00:00,Italy,Italy,IT,190.74,248.58,62.33,52.91,,,
2023-10-23 00:00:00,Italy,Italy,IT,282.07,356.71,43.39,37.01,,,
2023-10-24 00:00:00,Italy,Italy,IT,272.65,342.14,47.61,40.77,,,
2023-10-25 00:00:00,Italy,Italy,IT,253.41,317.66,52.01,44.58,,,
2023-10-26 00:00:00,Italy,Italy,IT,238.58,298.58,55.58,48.55,,,
2023-10-27 00:00:00,Italy,Italy,IT,186.01,238.24,64.32,56.95,,,
2023-10-28 00:00:00,Italy,Italy,IT,164.72,211.12,70.36,60.72,,,
2023-10-29 00:00:00,Italy,Italy,IT,182.83,232.61,67.69,56.79,,,
2023-10-30 00:00:00,Italy,Italy,IT,216.29,269.75,60.15,50.77,,,
2023-10-31 00:00:00,Italy,Italy,IT,184.54,232.05,67.16,58.61,,,
2023-11-01 00:00:00,Italy,Italy,IT,187.44,234.21,67.83,56.93,,,
2023-11-02 00:00:00,Italy,Italy,IT,190.68,243.45,63.04,55.29,,,
2023-11-03 00:00:00,Italy,Italy,IT,160.72,203.28,71.05,62.24,,,
2023-11-04 00:00:00,Italy,Italy,IT,133.90,172.01,77.15,67.82,,,
2023-11-05 00:00:00,Italy,Italy,IT,130.88,168.53,77.80,72.87,,,
2023-11-06 00:00:00,Italy,Italy,IT,187.67,238.28,65.20,57.21,,,
2023-11-07 00:00:00,Italy,Italy,IT,227.36,287.55,55.86,47.29,,,
2023-11-08 00:00:00,Italy,Italy,IT,237.52,301.28,53.21,44.21,,,
2023-11-09 00:00:00,Italy,Italy,IT,245.11,309.56,51.72,42.28,,,
2023-11-10 00:00:00,Italy,Italy,IT,208.98,262.97,60.55,50.83,,,
2023-11-11 00:00:00,Italy,Italy,IT,180.81,229.45,67.53,60.04,,,
2023-11-12 00:00:00,Italy,Italy,IT,211.23,263.24,62.45,54.64,,,
2023-11-13 00:00:00,Italy,Italy,IT,219.46,279.45,56.61,49.08,,,
2023-11-14 00:00:00,Italy,Italy,IT,193.75,251.37,60.07,52.05,,,
2023-11-15 00:00:00,Italy,Italy,IT,200.71,262.07,58.41,50.74,,,
2023-11-16 00:00:00,Italy,Italy,IT,222.13,287.72,53.18,44.50,,,
2023-11-17 00:00:00,Italy,Italy,IT,174.14,226.37,65.05,56.72,,,
2023-11-18 00:00:00,Italy,Italy,IT,167.60,220.21,66.27,56.51,,,
2023-11-19 00:00:00,Italy,Italy,IT,177.15,234.20,63.64,53.87,,,
2023-11-20 00:00:00,Italy,Italy,IT,233.20,300.68,50.68,42.15,,,
2023-11-21 00:00:00,Italy,Italy,IT,249.81,319.40,47.66,38.23,,,
2023-11-22 00:00:00,Italy,Italy,IT,249.29,318.76,48.40,38.97,,,
2023-11-23 00:00:00,Italy,Italy,IT,228.85,294.64,53.10,45.31,,,
2023-11-24 00:00:00,Italy,Italy,IT,243.19,313.26,49.83,41.65,,,
2023-11-25 00:00:00,Italy,Italy,IT,167.43,216.04,68.92,59.56,,,
2023-11-26 00:00:00,Italy,Italy,IT,209.57,269.32,59.82,51.08,,,
2023-11-27 00:00:00,Italy,Italy,IT,271.75,342.62,46.22,37.86,,,
2023-11-28 00:00:00,Italy,Italy,IT,246.40,311.05,51.90,45.21,,,
2023-11-29 00:00:00,Italy,Italy,IT,299.51,378.66,38.96,34.18,,,
2023-11-30 00:00:00,Italy,Italy,IT,278.35,352.99,42.24,38.47,,,
2023-12-01 00:00:00,Italy,Italy,IT,266.13,339.16,44.66,41.97,,,
2023-12-02 00:00:00,Italy,Italy,IT,209.68,268.77,58.56,54.32,,,
2023-12-03 00:00:00,Italy,Italy,IT,209.80,268.05,59.95,52.17,,,
2023-12-04 00:00:00,Italy,Italy,IT,281.34,357.13,41.56,34.06,,,
2023-12-05 00:00:00,Italy,Italy,IT,282.22,358.83,40.92,34.79,,,
2023-12-06 00:00:00,Italy,Italy,IT,299.14,379.09,37.36,32.45,,,
2023-12-07 00:00:00,Italy,Italy,IT,264.07,334.88,46.05,39.02,,,
2023-12-08 00:00:00,Italy,Italy,IT,256.27,326.32,48.05,37.61,,,
2023-12-09 00:00:00,Italy,Italy,IT,232.46,297.73,52.59,41.18,,,
2023-12-10 00:00:00,Italy,Italy,IT,166.75,217.84,67.38,55.27,,,
2023-12-11 00:00:00,Italy,Italy,IT,243.87,312.55,48.90,39.54,,,
2023-12-12 00:00:00,Italy,Italy,IT,251.30,322.68,46.42,37.90,,,
2023-12-13 00:00:00,Italy,Italy,IT,236.83,304.77,49.98,41.34,,,
2023-12-14 00:00:00,Italy,Italy,IT,269.65,345.92,42.21,35.41,,,
2023-12-15 00:00:00,Italy,Italy,IT,215.49,276.23,56.19,46.29,,,
2023-12-16 00:00:00,Italy,Italy,IT,177.97,230.40,65.61,55.85,,,
2023-12-17 00:00:00,Italy,Italy,IT,212.10,273.70,57.92,50.22,,,
2023-12-18 00:00:00,Italy,Italy,IT,258.76,330.06,46.66,38.61,,,
2023-12-19 00:00:00,Italy,Italy,IT,263.68,337.57,44.91,36.58,,,
2023-12-20 00:00:00,Italy,Italy,IT,259.49,333.16,44.94,34.59,,,
2023-12-21 00:00:00,Italy,Italy,IT,224.85,290.30,53.14,42.86,,,
2023-12-22 00:00:00,Italy,Italy,IT,183.51,239.88,62.53,53.14,,,
2023-12-23 00:00:00,Italy,Italy,IT,155.44,205.24,68.75,57.38,,,
2023-12-24 00:00:00,Italy,Italy,IT,184.25,241.75,62.18,55.73,,,
2023-12-25 00:00:00,Italy,Italy,IT,225.05,293.38,52.81,47.73,,,
2023-12-26 00:00:00,Italy,Italy,IT,251.98,325.31,47.00,41.90,,,
2023-12-27 00:00:00,Italy,Italy,IT,293.09,374.91,37.23,30.93,,,
2023-12-28 00:00:00,Italy,Italy,IT,243.60,313.83,49.14,37.83,,,
2023-12-29 00:00:00,Italy,Italy,IT,277.55,357.31,40.38,31.92,,,
2023-12-30 00:00:00,Italy,Italy,IT,280.61,358.08,41.16,31.99,,,
2023-12-31 00:00:00,Italy,Italy,IT,267.42,341.72,44.39,36.41,,,
2024-01-01 00:00:00,Italy,Italy,IT,233.29,301.41,51.43,44.52,,,
2024-01-02 00:00:00,Italy,Italy,IT,241.52,311.44,49.07,42.04,,,
2024-01-03 00:00:00,Italy,Italy,IT,192.62,251.65,60.07,51.95,,,
2024-01-04 00:00:00,Italy,Italy,IT,197.84,257.20,59.50,51.27,,,
2024-01-05 00:00:00,Italy,Italy,IT,213.38,274.27,56.34,46.48,,,
2024-01-06 00:00:00,Italy,Italy,IT,217.14,278.68,56.67,47.55,,,
2024-01-07 00:00:00,Italy,Italy,IT,180.74,236.35,64.24,54.79,,,
2024-01-08 00:00:00,Italy,Italy,IT,234.79,298.19,52.68,44.72,,,
2024-01-09 00:00:00,Italy,Italy,IT,265.80,340.20,43.98,39.61,,,
2024-01-10 00:00:00,Italy,Italy,IT,304.43,387.19,34.78,30.48,,,
2024-01-11 00:00:00,Italy,Italy,IT,283.10,363.01,39.11,32.87,,,
2024-01-12 00:00:00,Italy,Italy,IT,242.79,312.00,49.51,43.15,,,
2024-01-13 00:00:00,Italy,Italy,IT,233.36,300.40,53.29,45.14,,,
2024-01-14 00:00:00,Italy,Italy,IT,225.59,292.57,54.53,47.47,,,
2024-01-15 00:00:00,Italy,Italy,IT,226.39,290.77,53.69,45.78,,,
2024-01-16 00:00:00,Italy,Italy,IT,264.52,339.68,43.48,36.51,,,
2024-01-17 00:00:00,Italy,Italy,IT,247.44,319.09,46.88,38.66,,,
2024-01-18 00:00:00,Italy,Italy,IT,208.76,271.63,56.07,47.65,,,
2024-01-19 00:00:00,Italy,Italy,IT,224.69,289.80,53.46,45.08,,,
2024-01-20 00:00:00,Italy,Italy,IT,184.34,240.48,63.55,54.79,,,
2024-01-21 00:00:00,Italy,Italy,IT,174.65,230.50,65.43,56.35,,,
2024-01-22 00:00:00,Italy,Italy,IT,241.45,310.89,49.24,40.31,,,
2024-01-23 00:00:00,Italy,Italy,IT,239.19,309.57,49.47,40.42,,,
2024-01-24 00:00:00,Italy,Italy,IT,237.86,306.01,50.71,41.23,,,
2024-01-25 00:00:00,Italy,Italy,IT,245.56,315.55,48.75,38.83,,,
2024-01-26 00:00:00,Italy,Italy,IT,263.63,337.33,44.65,34.77,,,
2024-01-27 00:00:00,Italy,Italy,IT,224.09,289.13,54.67,42.21,,,
2024-01-28 00:00:00,Italy,Italy,IT,179.98,234.75,65.42,52.93,,,
2024-01-29 00:00:00,Italy,Italy,IT,245.24,312.56,50.73,39.81,,,
2024-01-30 00:00:00,Italy,Italy,IT,267.75,341.97,45.69,35.39,,,
2024-01-31 00:00:00,Italy,Italy,IT,279.00,355.82,43.20,33.38,,,
2024-02-01 00:00:00,Italy,Italy,IT,284.65,360.73,42.63,33.72,,,
2024-02-02 00:00:00,Italy,Italy,IT,255.10,324.79,49.32,40.50,,,
2024-02-03 00:00:00,Italy,Italy,IT,238.18,302.43,55.86,46.16,,,
2024-02-04 00:00:00,Italy,Italy,IT,214.67,274.48,61.45,52.98,,,
2024-02-05 00:00:00,Italy,Italy,IT,236.93,302.32,53.29,44.99,,,
2024-02-06 00:00:00,Italy,Italy,IT,251.73,320.48,49.72,40.62,,,
2024-02-07 00:00:00,Italy,Italy,IT,267.29,338.11,46.62,37.57,,,
2024-02-08 00:00:00,Italy,Italy,IT,232.58,295.52,54.85,44.54,,,
2024-02-09 00:00:00,Italy,Italy,IT,229.31,290.06,55.52,45.20,,,
2024-02-10 00:00:00,Italy,Italy,IT,193.19,247.75,63.89,53.40,,,
2024-02-11 00:00:00,Italy,Italy,IT,172.62,225.80,67.93,59.02,,,
2024-02-12 00:00:00,Italy,Italy,IT,237.50,303.85,52.08,42.74,,,
2024-02-13 00:00:00,Italy,Italy,IT,222.97,287.75,55.02,44.95,,,
2024-02-14 00:00:00,Italy,Italy,IT,199.56,259.03,59.42,49.00,,,
2024-02-15 00:00:00,Italy,Italy,IT,233.34,304.16,50.52,40.03,,,
2024-02-16 00:00:00,Italy,Italy,IT,250.83,325.24,46.94,35.77,,,
2024-02-17 00:00:00,Italy,Italy,IT,222.10,289.43,54.52,41.37,,,
2024-02-18 00:00:00,Italy,Italy,IT,200.90,265.86,59.24,46.08,,,
2024-02-19 00:00:00,Italy,Italy,IT,237.76,309.05,49.88,38.70,,,
2024-02-20 00:00:00,Italy,Italy,IT,236.75,307.47,50.24,39.90,,,
2024-02-21 00:00:00,Italy,Italy,IT,222.04,288.04,54.11,43.18,,,
2024-02-22 00:00:00,Italy,Italy,IT,221.67,288.89,53.60,43.72,,,
2024-02-23 00:00:00,Italy,Italy,IT,195.06,254.02,60.00,50.70,,,
2024-02-24 00:00:00,Italy,Italy,IT,189.75,249.82,61.52,50.38,,,
2024-02-25 00:00:00,Italy,Italy,IT,178.12,235.34,65.15,53.56,,,
2024-02-26 00:00:00,Italy,Italy,IT,229.17,298.92,51.57,41.18,,,
2024-02-27 00:00:00,Italy,Italy,IT,232.72,302.80,50.16,40.76,,,
2024-02-28 00:00:00,Italy,Italy,IT,221.21,287.83,53.22,44.51,,,
2024-02-29 00:00:00,Italy,Italy,IT,241.28,312.48,48.81,40.58,,,
2024-03-01 00:00:00,Italy,Italy,IT,225.24,293.24,52.34,42.78,,,
2024-03-02 00:00:00,Italy,Italy,IT,162.42,215.32,68.09,56.92,,,
2024-03-03 00:00:00,Italy,Italy,IT,146.65,195.28,72.21,62.31,,,
2024-03-04 00:00:00,Italy,Italy,IT,213.91,278.01,55.41,47.52,,,
2024-03-05 00:00:00,Italy,Italy,IT,214.14,278.82,55.43,46.89,,,
2024-03-06 00:00:00,Italy,Italy,IT,190.98,248.06,61.27,53.50,,,
2024-03-07 00:00:00,Italy,Italy,IT,224.18,291.51,52.80,44.99,,,
2024-03-08 00:00:00,Italy,Italy,IT,226.93,293.09,52.95,45.09,,,
2024-03-09 00:00:00,Italy,Italy,IT,178.53,233.82,64.55,55.65,,,
2024-03-10 00:00:00,Italy,Italy,IT,155.22,204.36,70.57,62.39,,,
2024-03-11 00:00:00,Italy,Italy,IT,186.33,243.86,61.96,54.93,,,
2024-03-12 00:00:00,Italy,Italy,IT,203.75,266.77,57.35,50.40,,,
2024-03-13 00:00:00,Italy,Italy,IT,222.48,288.10,53.84,45.37,,,
2024-03-14 00:00:00,Italy,Italy,IT,221.16,288.46,53.59,44.95,,,
2024-03-15 00:00:00,Italy,Italy,IT,206.14,269.32,57.44,48.46,,,
2024-03-16 00:00:00,Italy,Italy,IT,163.84,215.64,68.58,56.40,,,
2024-03-17 00:00:00,Italy,Italy,IT,172.49,227.45,66.89,56.49,,,
2024-03-18 00:00:00,Italy,Italy,IT,206.89,268.88,57.09,48.25,,,
2024-03-19 00:00:00,Italy,Italy,IT,200.98,261.08,58.95,50.65,,,
2024-03-20 00:00:00,Italy,Italy,IT,213.27,277.51,55.72,48.58,,,
2024-03-21 00:00:00,Italy,Italy,IT,206.30,269.53,57.46,49.45,,,
2024-03-22 00:00:00,Italy,Italy,IT,214.31,279.10,55.90,48.04,,,
2024-03-23 00:00:00,Italy,Italy,IT,151.78,201.87,71.42,63.74,,,
2024-03-24 00:00:00,Italy,Italy,IT,136.49,184.29,74.62,70.17,,,
2024-03-25 00:00:00,Italy,Italy,IT,202.66,264.37,58.87,52.51,,,
2024-03-26 00:00:00,Italy,Italy,IT,240.12,304.96,51.16,44.57,,,
2024-03-27 00:00:00,Italy,Italy,IT,201.81,260.20,59.02,52.64,,,
2024-03-28 00:00:00,Italy,Italy,IT,179.00,233.10,64.10,57.56,,,
2024-03-29 00:00:00,Italy,Italy,IT,185.47,241.43,63.07,55.75,,,
2024-03-30 00:00:00,Italy,Italy,IT,161.78,213.68,69.08,64.65,,,
2024-03-31 00:00:00,Italy,Italy,IT,161.70,214.43,67.96,65.98,,,
2024-04-01 00:00:00,Italy,Italy,IT,148.86,197.68,72.10,70.28,,,
2024-04-02 00:00:00,Italy,Italy,IT,163.21,211.82,70.10,65.32,,,
2024-04-03 00:00:00,Italy,Italy,IT,205.55,268.12,58.16,52.97,,,
2024-04-04 00:00:00,Italy,Italy,IT,185.31,243.21,62.37,54.92,,,
2024-04-05 00:00:00,Italy,Italy,IT,194.35,251.55,61.70,53.99,,,
2024-04-06 00:00:00,Italy,Italy,IT,170.83,222.47,67.65,60.60,,,
2024-04-07 00:00:00,Italy,Italy,IT,149.76,199.73,72.09,66.18,,,
2024-04-08 00:00:00,Italy,Italy,IT,184.83,241.49,63.80,56.18,,,
2024-04-09 00:00:00,Italy,Italy,IT,166.88,218.26,67.40,59.16,,,
2024-04-10 00:00:00,Italy,Italy,IT,173.04,225.77,65.40,57.79,,,
2024-04-11 00:00:00,Italy,Italy,IT,167.94,222.61,66.28,58.81,,,
2024-04-12 00:00:00,Italy,Italy,IT,145.08,192.11,72.22,63.82,,,
2024-04-13 00:00:00,Italy,Italy,IT,128.48,170.16,76.80,69.13,,,
2024-04-14 00:00:00,Italy,Italy,IT,140.31,186.67,73.71,68.28,,,
2024-04-15 00:00:00,Italy,Italy,IT,143.26,188.17,73.00,65.01,,,
2024-04-16 00:00:00,Italy,Italy,IT,127.34,167.28,76.79,69.16,,,
2024-04-17 00:00:00,Italy,Italy,IT,152.76,200.94,70.23,63.70,,,
2024-04-18 00:00:00,Italy,Italy,IT,184.83,241.89,62.26,54.92,,,
2024-04-19 00:00:00,Italy,Italy,IT,143.15,187.03,73.01,64.83,,,
2024-04-20 00:00:00,Italy,Italy,IT,149.67,193.74,72.67,68.05,,,
2024-04-21 00:00:00,Italy,Italy,IT,158.54,206.90,70.61,66.90,,,
2024-04-22 00:00:00,Italy,Italy,IT,218.87,282.49,54.76,50.03,,,
2024-04-23 00:00:00,Italy,Italy,IT,194.83,254.08,59.35,54.44,,,
2024-04-24 00:00:00,Italy,Italy,IT,197.17,259.19,58.25,53.13,,,
2024-04-25 00:00:00,Italy,Italy,IT,185.18,245.83,61.41,59.77,,,
2024-04-26 00:00:00,Italy,Italy,IT,221.70,290.64,52.92,49.19,,,
2024-04-27 00:00:00,Italy,Italy,IT,203.01,267.16,57.63,53.71,,,
2024-04-28 00:00:00,Italy,Italy,IT,159.79,214.54,68.08,63.03,,,
2024-04-29 00:00:00,Italy,Italy,IT,173.98,231.35,64.57,57.43,,,
2024-04-30 00:00:00,Italy,Italy,IT,153.86,205.45,69.41,61.04,,,
2024-05-01 00:00:00,Italy,Italy,IT,159.87,213.36,68.39,64.43,,,
2024-05-02 00:00:00,Italy,Italy,IT,164.83,216.77,67.38,61.10,,,
2024-05-03 00:00:00,Italy,Italy,IT,145.47,192.70,72.11,65.67,,,
2024-05-04 00:00:00,Italy,Italy,IT,127.42,170.16,76.73,68.97,,,
2024-05-05 00:00:00,Italy,Italy,IT,128.51,174.02,75.83,67.63,,,
2024-05-06 00:00:00,Italy,Italy,IT,171.43,223.78,66.24,56.79,,,
2024-05-07 00:00:00,Italy,Italy,IT,197.96,257.01,59.24,51.06,,,
2024-05-08 00:00:00,Italy,Italy,IT,184.04,239.15,63.11,54.26,,,
2024-05-09 00:00:00,Italy,Italy,IT,130.14,172.93,75.50,66.08,,,
2024-05-10 00:00:00,Italy,Italy,IT,127.64,170.39,76.03,67.33,,,
2024-05-11 00:00:00,Italy,Italy,IT,121.41,163.16,77.54,70.73,,,
2024-05-12 00:00:00,Italy,Italy,IT,130.41,174.08,75.87,67.88,,,
2024-05-13 00:00:00,Italy,Italy,IT,165.97,217.84,66.52,56.69,,,
2024-05-14 00:00:00,Italy,Italy,IT,180.09,236.59,62.74,54.12,,,
2024-05-15 00:00:00,Italy,Italy,IT,191.18,248.99,60.00,51.88,,,
2024-05-16 00:00:00,Italy,Italy,IT,164.51,214.72,66.98,58.05,,,
2024-05-17 00:00:00,Italy,Italy,IT,165.30,215.48,67.44,58.85,,,
2024-05-18 00:00:00,Italy,Italy,IT,157.45,206.24,69.89,62.00,,,
2024-05-19 00:00:00,Italy,Italy,IT,143.08,190.16,73.07,64.80,,,
2024-05-20 00:00:00,Italy,Italy,IT,172.86,225.40,66.22,56.21,,,
2024-05-21 00:00:00,Italy,Italy,IT,138.09,182.89,73.49,63.74,,,
2024-05-22 00:00:00,Italy,Italy,IT,139.74,184.80,73.23,64.27,,,
2024-05-23 00:00:00,Italy,Italy,IT,158.15,208.62,68.35,58.71,,,
2024-05-24 00:00:00,Italy,Italy,IT,168.49,220.48,66.60,56.96,,,
2024-05-25 00:00:00,Italy,Italy,IT,156.91,206.35,69.91,61.10,,,
2024-05-26 00:00:00,Italy,Italy,IT,120.83,164.50,77.87,70.55,,,
2024-05-27 00:00:00,Italy,Italy,IT,169.96,221.43,66.65,57.41,,,
2024-05-28 00:00:00,Italy,Italy,IT,181.51,237.27,63.33,54.88,,,
2024-05-29 00:00:00,Italy,Italy,IT,191.30,248.80,61.27,52.42,,,
2024-05-30 00:00:00,Italy,Italy,IT,174.24,227.46,65.26,56.73,,,
2024-05-31 00:00:00,Italy,Italy,IT,145.12,189.19,72.89,64.77,,,
2024-06-01 00:00:00,Italy,Italy,IT,134.17,178.97,75.23,67.79,,,
2024-06-02 00:00:00,Italy,Italy,IT,149.88,196.96,72.37,65.43,,,
2024-06-03 00:00:00,Italy,Italy,IT,175.94,228.76,64.86,58.07,,,
2024-06-04 00:00:00,Italy,Italy,IT,189.80,245.69,61.71,54.31,,,
2024-06-05 00:00:00,Italy,Italy,IT,184.22,241.50,62.09,55.07,,,
2024-06-06 00:00:00,Italy,Italy,IT,183.47,240.76,62.02,55.20,,,
2024-06-07 00:00:00,Italy,Italy,IT,177.10,232.03,63.66,55.34,,,
2024-06-08 00:00:00,Italy,Italy,IT,155.68,205.99,68.96,60.90,,,
2024-06-09 00:00:00,Italy,Italy,IT,137.08,182.22,73.78,66.67,,,
2024-06-10 00:00:00,Italy,Italy,IT,148.40,194.58,72.00,64.44,,,
2024-06-11 00:00:00,Italy,Italy,IT,191.29,248.31,62.23,54.65,,,
2024-06-12 00:00:00,Italy,Italy,IT,191.53,249.14,61.45,54.02,,,
2024-06-13 00:00:00,Italy,Italy,IT,156.87,209.03,67.92,60.20,,,
2024-06-14 00:00:00,Italy,Italy,IT,158.16,208.92,68.45,60.40,,,
2024-06-15 00:00:00,Italy,Italy,IT,145.14,193.66,71.43,64.83,,,
2024-06-16 00:00:00,Italy,Italy,IT,114.32,154.13,79.20,72.32,,,
2024-06-17 00:00:00,Italy,Italy,IT,178.33,231.66,64.24,56.96,,,
2024-06-18 00:00:00,Italy,Italy,IT,197.18,256.80,58.87,52.10,,,
2024-06-19 00:00:00,Italy,Italy,IT,211.81,272.78,56.03,49.39,,,
2024-06-20 00:00:00,Italy,Italy,IT,217.12,281.04,53.89,47.40,,,
2024-06-21 00:00:00,Italy,Italy,IT,216.67,279.12,54.33,47.00,,,
2024-06-22 00:00:00,Italy,Italy,IT,136.81,182.89,72.99,66.48,,,
2024-06-23 00:00:00,Italy,Italy,IT,148.95,197.04,70.68,64.13,,,
2024-06-24 00:00:00,Italy,Italy,IT,197.17,255.32,59.58,51.83,,,
2024-06-25 00:00:00,Italy,Italy,IT,190.53,249.28,60.15,52.70,,,
2024-06-26 00:00:00,Italy,Italy,IT,191.90,251.41,59.84,52.89,,,
2024-06-27 00:00:00,Italy,Italy,IT,178.88,233.86,63.61,55.53,,,
2024-06-28 00:00:00,Italy,Italy,IT,170.34,220.90,66.93,59.82,,,
2024-06-29 00:00:00,Italy,Italy,IT,153.73,201.94,70.00,61.28,,,
2024-06-30 00:00:00,Italy,Italy,IT,126.66,168.09,76.46,71.67,,,
2024-07-01 00:00:00,Italy,Italy,IT,196.89,253.75,60.25,53.65,,,
2024-07-02 00:00:00,Italy,Italy,IT,176.39,229.06,64.53,57.36,,,
2024-07-03 00:00:00,Italy,Italy,IT,184.30,240.67,61.76,54.67,,,
2024-07-04 00:00:00,Italy,Italy,IT,169.83,223.30,65.90,58.50,,,
2024-07-05 00:00:00,Italy,Italy,IT,172.87,226.24,65.20,57.45,,,
2024-07-06 00:00:00,Italy,Italy,IT,141.72,190.03,72.06,65.09,,,
2024-07-07 00:00:00,Italy,Italy,IT,144.35,192.73,71.42,64.34,,,
2024-07-08 00:00:00,Italy,Italy,IT,183.80,238.91,62.08,53.71,,,
2024-07-09 00:00:00,Italy,Italy,IT,201.05,261.71,57.41,50.25,,,
2024-07-10 00:00:00,Italy,Italy,IT,214.42,278.37,54.08,46.83,,,
2024-07-11 00:00:00,Italy,Italy,IT,224.99,292.19,51.23,44.35,,,
2024-07-12 00:00:00,Italy,Italy,IT,223.46,290.27,51.53,44.25,,,
2024-07-13 00:00:00,Italy,Italy,IT,168.11,222.16,65.14,56.03,,,
2024-07-14 00:00:00,Italy,Italy,IT,168.32,221.89,65.48,57.49,,,
2024-07-15 00:00:00,Italy,Italy,IT,210.46,271.55,55.70,48.14,,,
2024-07-16 00:00:00,Italy,Italy,IT,218.02,282.62,53.33,45.63,,,
2024-07-17 00:00:00,Italy,Italy,IT,224.87,290.00,51.98,44.53,,,
2024-07-18 00:00:00,Italy,Italy,IT,225.33,291.32,51.92,44.18,,,
2024-07-19 00:00:00,Italy,Italy,IT,225.40,292.45,51.80,44.12,,,
2024-07-20 00:00:00,Italy,Italy,IT,191.82,251.68,60.50,51.81,,,
2024-07-21 00:00:00,Italy,Italy,IT,178.64,234.51,63.60,53.91,,,
2024-07-22 00:00:00,Italy,Italy,IT,217.79,281.09,54.42,46.04,,,
2024-07-23 00:00:00,Italy,Italy,IT,208.59,272.03,55.47,47.37,,,
2024-07-24 00:00:00,Italy,Italy,IT,214.14,278.23,54.67,46.37,,,
2024-07-25 00:00:00,Italy,Italy,IT,217.36,281.45,54.44,46.45,,,
2024-07-26 00:00:00,Italy,Italy,IT,216.86,283.14,53.57,45.50,,,
2024-07-27 00:00:00,Italy,Italy,IT,187.14,247.21,60.34,49.90,,,
2024-07-28 00:00:00,Italy,Italy,IT,177.83,235.54,62.82,53.68,,,
2024-07-29 00:00:00,Italy,Italy,IT,218.54,284.41,53.53,47.13,,,
2024-07-30 00:00:00,Italy,Italy,IT,214.81,280.02,54.18,47.75,,,
2024-07-31 00:00:00,Italy,Italy,IT,237.87,308.78,48.69,42.18,,,
2024-08-01 00:00:00,Italy,Italy,IT,240.75,312.89,47.93,41.17,,,
2024-08-02 00:00:00,Italy,Italy,IT,229.99,298.65,51.38,44.26,,,
2024-08-03 00:00:00,Italy,Italy,IT,208.10,272.52,56.36,47.58,,,
2024-08-04 00:00:00,Italy,Italy,IT,199.44,261.95,58.42,49.65,,,
2024-08-05 00:00:00,Italy,Italy,IT,219.55,286.18,53.38,44.62,,,
2024-08-06 00:00:00,Italy,Italy,IT,236.64,304.86,50.56,42.49,,,
2024-08-07 00:00:00,Italy,Italy,IT,235.19,304.19,50.30,42.18,,,
2024-08-08 00:00:00,Italy,Italy,IT,220.45,287.96,52.69,44.34,,,
2024-08-09 00:00:00,Italy,Italy,IT,209.61,274.12,55.53,47.84,,,
2024-08-10 00:00:00,Italy,Italy,IT,197.53,259.46,58.58,51.72,,,
2024-08-11 00:00:00,Italy,Italy,IT,198.29,260.80,58.41,52.36,,,
2024-08-12 00:00:00,Italy,Italy,IT,235.91,307.22,49.62,42.91,,,
2024-08-13 00:00:00,Italy,Italy,IT,239.43,312.55,48.39,41.58,,,
2024-08-14 00:00:00,Italy,Italy,IT,240.96,314.94,47.75,40.99,,,
2024-08-15 00:00:00,Italy,Italy,IT,243.85,319.15,46.78,41.08,,,
2024-08-16 00:00:00,Italy,Italy,IT,233.47,306.45,48.88,41.97,,,
2024-08-17 00:00:00,Italy,Italy,IT,215.26,283.12,54.15,46.17,,,
2024-08-18 00:00:00,Italy,Italy,IT,192.71,256.84,59.37,50.57,,,
2024-08-19 00:00:00,Italy,Italy,IT,202.54,267.48,57.40,47.26,,,
2024-08-20 00:00:00,Italy,Italy,IT,197.89,261.37,58.55,48.21,,,
2024-08-21 00:00:00,Italy,Italy,IT,202.54,266.23,57.65,48.51,,,
2024-08-22 00:00:00,Italy,Italy,IT,212.41,278.11,55.66,46.96,,,
2024-08-23 00:00:00,Italy,Italy,IT,228.56,297.45,52.05,44.19,,,
2024-08-24 00:00:00,Italy,Italy,IT,218.25,285.99,54.39,46.35,,,
2024-08-25 00:00:00,Italy,Italy,IT,207.09,273.84,56.57,49.08,,,
2024-08-26 00:00:00,Italy,Italy,IT,223.39,291.87,52.47,43.75,,,
2024-08-27 00:00:00,Italy,Italy,IT,248.31,322.38,46.65,38.93,,,
2024-08-28 00:00:00,Italy,Italy,IT,248.30,322.21,46.93,39.49,,,
2024-08-29 00:00:00,Italy,Italy,IT,247.86,322.03,46.69,39.37,,,
2024-08-30 00:00:00,Italy,Italy,IT,245.49,320.27,47.08,40.39,,,
2024-08-31 00:00:00,Italy,Italy,IT,215.14,283.06,55.11,46.50,,,
2024-09-01 00:00:00,Italy,Italy,IT,212.12,279.20,55.47,46.25,,,
2024-09-02 00:00:00,Italy,Italy,IT,258.42,334.92,44.09,36.31,,,
2024-09-03 00:00:00,Italy,Italy,IT,265.17,344.39,42.50,34.99,,,
2024-09-04 00:00:00,Italy,Italy,IT,265.93,344.29,42.76,35.53,,,
2024-09-05 00:00:00,Italy,Italy,IT,261.86,341.01,42.86,36.37,,,
2024-09-06 00:00:00,Italy,Italy,IT,249.18,324.79,46.17,38.91,,,
2024-09-07 00:00:00,Italy,Italy,IT,212.97,281.04,54.75,46.20,,,
2024-09-08 00:00:00,Italy,Italy,IT,203.16,268.56,57.24,48.35,,,
2024-09-09 00:00:00,Italy,Italy,IT,196.66,257.98,59.21,52.90,,,
2024-09-10 00:00:00,Italy,Italy,IT,184.02,239.94,63.09,56.10,,,
2024-09-11 00:00:00,Italy,Italy,IT,223.01,289.56,53.76,46.20,,,
2024-09-12 00:00:00,Italy,Italy,IT,210.56,273.61,56.66,50.11,,,
2024-09-13 00:00:00,Italy,Italy,IT,159.18,211.03,68.14,60.47,,,
2024-09-14 00:00:00,Italy,Italy,IT,157.88,208.11,69.47,60.07,,,
2024-09-15 00:00:00,Italy,Italy,IT,165.34,219.95,67.73,59.25,,,
2024-09-16 00:00:00,Italy,Italy,IT,238.20,310.07,49.51,41.64,,,
2024-09-17 00:00:00,Italy,Italy,IT,262.76,341.33,43.26,36.29,,,
2024-09-18 00:00:00,Italy,Italy,IT,269.10,347.88,42.43,35.31,,,
2024-09-19 00:00:00,Italy,Italy,IT,246.65,318.53,47.86,39.24,,,
2024-09-20 00:00:00,Italy,Italy,IT,239.40,310.02,49.32,41.37,,,
2024-09-21 00:00:00,Italy,Italy,IT,210.58,277.01,55.12,47.04,,,
2024-09-22 00:00:00,Italy,Italy,IT,212.98,279.43,55.24,46.34,,,
2024-09-23 00:00:00,Italy,Italy,IT,269.04,346.93,41.78,35.79,,,
2024-09-24 00:00:00,Italy,Italy,IT,220.34,288.17,52.65,45.59,,,
2024-09-25 00:00:00,Italy,Italy,IT,232.79,301.97,50.47,43.67,,,
2024-09-26 00:00:00,Italy,Italy,IT,207.25,269.69,56.36,49.19,,,
2024-09-27 00:00:00,Italy,Italy,IT,193.93,252.48,59.61,53.24,,,
2024-09-28 00:00:00,Italy,Italy,IT,156.33,204.62,69.50,63.00,,,
2024-09-29 00:00:00,Italy,Italy,IT,132.20,174.74,75.91,69.36,,,
2024-09-30 00:00:00,Italy,Italy,IT,205.33,263.60,58.93,51.20,,,
2024-10-01 00:00:00,Italy,Italy,IT,236.58,303.76,50.88,42.92,,,
2024-10-02 00:00:00,Italy,Italy,IT,227.78,294.05,52.48,45.57,,,
2024-10-03 00:00:00,Italy,Italy,IT,223.56,288.12,53.36,46.47,,,
2024-10-04 00:00:00,Italy,Italy,IT,194.47,252.58,60.17,52.74,,,
2024-10-05 00:00:00,Italy,Italy,IT,186.92,242.20,63.14,54.87,,,
2024-10-06 00:00:00,Italy,Italy,IT,183.77,238.56,64.51,56.62,,,
2024-10-07 00:00:00,Italy,Italy,IT,234.55,301.33,51.49,43.75,,,
2024-10-08 00:00:00,Italy,Italy,IT,207.16,268.01,57.65,49.98,,,
2024-10-09 00:00:00,Italy,Italy,IT,192.61,247.14,62.66,54.52,,,
2024-10-10 00:00:00,Italy,Italy,IT,174.65,225.27,66.85,57.25,,,
2024-10-11 00:00:00,Italy,Italy,IT,174.92,223.14,67.61,58.43,,,
2024-10-12 00:00:00,Italy,Italy,IT,177.69,223.76,69.51,60.06,,,
2024-10-13 00:00:00,Italy,Italy,IT,174.94,221.60,69.87,64.18,,,
2024-10-14 00:00:00,Italy,Italy,IT,224.81,289.01,54.45,47.24,,,
2024-10-15 00:00:00,Italy,Italy,IT,217.68,281.24,55.59,45.86,,,
2024-10-16 00:00:00,Italy,Italy,IT,237.27,304.17,51.27,43.34,,,
2024-10-17 00:00:00,Italy,Italy,IT,237.94,302.20,52.29,45.36,,,
2024-10-18 00:00:00,Italy,Italy,IT,232.15,294.27,54.19,46.66,,,
2024-10-19 00:00:00,Italy,Italy,IT,181.36,231.11,66.69,55.54,,,
2024-10-20 00:00:00,Italy,Italy,IT,178.94,231.49,66.06,60.15,,,
2024-10-21 00:00:00,Italy,Italy,IT,214.23,275.69,56.62,47.96,,,
2024-10-22 00:00:00,Italy,Italy,IT,243.78,314.72,48.60,40.25,,,
2024-10-23 00:00:00,Italy,Italy,IT,251.48,323.42,47.02,38.32,,,
2024-10-24 00:00:00,Italy,Italy,IT,242.84,313.07,48.97,39.70,,,
2024-10-25 00:00:00,Italy,Italy,IT,220.20,285.20,53.43,43.23,,,
2024-10-26 00:00:00,Italy,Italy,IT,152.38,199.46,70.11,56.59,,,
2024-10-27 00:00:00,Italy,Italy,IT,163.34,213.43,67.98,56.42,,,
2024-10-28 00:00:00,Italy,Italy,IT,199.41,261.48,57.81,46.67,,,
2024-10-29 00:00:00,Italy,Italy,IT,230.23,299.90,50.58,42.08,,,
2024-10-30 00:00:00,Italy,Italy,IT,222.19,290.89,52.24,43.49,,,
2024-10-31 00:00:00,Italy,Italy,IT,203.71,267.16,57.71,47.11,,,
2024-11-01 00:00:00,Italy,Italy,IT,212.78,279.10,59.05,49.41,,,
2024-11-02 00:00:00,Italy,Italy,IT,248.10,327.81,58.00,47.46,,,
2024-11-03 00:00:00,Italy,Italy,IT,188.07,250.74,63.38,53.63,,,
2024-11-04 00:00:00,Italy,Italy,IT,252.15,327.70,47.42,39.27,,,
2024-11-05 00:00:00,Italy,Italy,IT,269.36,350.68,42.56,34.65,,,
2024-11-06 00:00:00,Italy,Italy,IT,287.30,372.86,38.21,31.70,,,
2024-11-07 00:00:00,Italy,Italy,IT,273.59,355.80,41.33,33.76,,,
2024-11-08 00:00:00,Italy,Italy,IT,257.48,335.25,45.58,35.79,,,
2024-11-09 00:00:00,Italy,Italy,IT,216.35,284.92,56.09,42.73,,,
2024-11-10 00:00:00,Italy,Italy,IT,219.78,289.71,55.77,44.38,,,
2024-11-11 00:00:00,Italy,Italy,IT,250.32,326.67,47.06,37.84,,,
2024-11-12 00:00:00,Italy,Italy,IT,274.06,355.98,41.51,35.32,,,
2024-11-13 00:00:00,Italy,Italy,IT,297.96,385.74,36.41,30.57,,,
2024-11-14 00:00:00,Italy,Italy,IT,279.50,362.98,39.86,31.55,,,
2024-11-15 00:00:00,Italy,Italy,IT,234.43,307.26,50.20,42.62,,,
2024-11-16 00:00:00,Italy,Italy,IT,231.84,304.90,52.41,42.85,,,
2024-11-17 00:00:00,Italy,Italy,IT,213.97,282.00,57.89,47.10,,,
2024-11-18 00:00:00,Italy,Italy,IT,265.81,346.53,43.52,35.36,,,
2024-11-19 00:00:00,Italy,Italy,IT,256.92,335.14,45.78,38.33,,,
2024-11-20 00:00:00,Italy,Italy,IT,226.29,295.31,53.78,44.53,,,
2024-11-21 00:00:00,Italy,Italy,IT,268.58,349.54,42.93,35.74,,,
2024-11-22 00:00:00,Italy,Italy,IT,226.01,295.39,53.50,45.96,,,
2024-11-23 00:00:00,Italy,Italy,IT,216.02,284.99,56.47,45.44,,,
2024-11-24 00:00:00,Italy,Italy,IT,234.92,308.62,52.94,42.30,,,
2024-11-25 00:00:00,Italy,Italy,IT,283.14,367.37,39.83,30.64,,,
2024-11-26 00:00:00,Italy,Italy,IT,287.58,372.60,38.43,30.56,,,
2024-11-27 00:00:00,Italy,Italy,IT,301.88,390.61,35.42,28.89,,,
2024-11-28 00:00:00,Italy,Italy,IT,299.99,388.35,36.05,28.99,,,
2024-11-29 00:00:00,Italy,Italy,IT,277.47,361.67,40.71,33.69,,,
2024-11-30 00:00:00,Italy,Italy,IT,194.77,255.85,62.16,51.46,,,
2024-12-01 00:00:00,Italy,Italy,IT,162.55,218.52,66.83,54.93,,,
2024-12-02 00:00:00,Italy,Italy,IT,265.32,344.43,42.22,32.98,,,
2024-12-03 00:00:00,Italy,Italy,IT,306.76,395.85,32.04,25.36,,,
2024-12-04 00:00:00,Italy,Italy,IT,315.82,407.22,29.86,24.19,,,
2024-12-05 00:00:00,Italy,Italy,IT,247.07,323.43,45.68,38.53,,,
2024-12-06 00:00:00,Italy,Italy,IT,264.34,344.79,41.70,33.25,,,
2024-12-07 00:00:00,Italy,Italy,IT,233.27,306.37,50.19,38.45,,,
2024-12-08 00:00:00,Italy,Italy,IT,164.85,220.19,66.41,53.94,,,
2024-12-09 00:00:00,Italy,Italy,IT,258.39,335.26,43.83,34.25,,,
2024-12-10 00:00:00,Italy,Italy,IT,289.77,374.26,36.33,27.82,,,
2024-12-11 00:00:00,Italy,Italy,IT,315.35,406.22,30.13,24.62,,,
2024-12-12 00:00:00,Italy,Italy,IT,317.10,409.81,29.05,25.12,,,
2024-12-13 00:00:00,Italy,Italy,IT,301.74,390.88,32.19,27.64,,,
2024-12-14 00:00:00,Italy,Italy,IT,210.82,276.27,55.84,43.72,,,
2024-12-15 00:00:00,Italy,Italy,IT,198.17,261.79,59.14,48.17,,,
2024-12-16 00:00:00,Italy,Italy,IT,250.62,326.77,46.11,37.59,,,
2024-12-17 00:00:00,Italy,Italy,IT,288.90,372.34,38.09,29.21,,,
2024-12-18 00:00:00,Italy,Italy,IT,296.10,381.27,36.71,27.91,,,
2024-12-19 00:00:00,Italy,Italy,IT,262.77,338.73,44.86,34.44,,,
2024-12-20 00:00:00,Italy,Italy,IT,206.17,268.25,58.53,47.44,,,
2024-12-21 00:00:00,Italy,Italy,IT,169.82,227.99,65.22,52.80,,,
2024-12-22 00:00:00,Italy,Italy,IT,156.27,210.82,68.71,54.84,,,
2024-12-23 00:00:00,Italy,Italy,IT,166.54,222.44,66.39,55.12,,,
2024-12-24 00:00:00,Italy,Italy,IT,181.17,240.82,62.24,54.39,,,
2024-12-25 00:00:00,Italy,Italy,IT,152.93,206.05,69.66,59.46,,,
2024-12-26 00:00:00,Italy,Italy,IT,175.56,234.45,64.19,55.35,,,
2024-12-27 00:00:00,Italy,Italy,IT,210.26,277.03,55.56,47.40,,,
2024-12-28 00:00:00,Italy,Italy,IT,215.69,283.92,54.43,45.07,,,
2024-12-29 00:00:00,Italy,Italy,IT,255.96,334.28,45.74,36.70,,,
2024-12-30 00:00:00,Italy,Italy,IT,283.15,368.89,38.55,31.53,,,
2024-12-31 00:00:00,Italy,Italy,IT,303.92,388.98,37.29,30.58,,,
